code,docid,submit,period,dtype,ca,inv,liab,ta,na,solo,mixed,bs_ok,name
603A,S100Z3DI,2026-09-18,2026-06-30,120,12681249000.0,14990000.0,35762015000.0,44294103000.0,8532088000.0,1,0,1,株式会社アイ・グリッド・ソリューションズ
3836,S100Z38F,2026-09-18,2026-06-30,120,19575660000.0,877134000.0,9577076000.0,24147822000.0,14570746000.0,0,0,1,株式会社アバントグループ
9346,S100Z37I,2026-09-18,2026-06-30,120,3406139000.0,,1186007000.0,4475015000.0,3289008000.0,1,0,1,株式会社ココルポート
6548,S100Z35T,2026-09-18,2026-06-30,120,1992137000.0,,1583493000.0,2370729000.0,787236000.0,0,0,1,株式会社旅工房
2154,S100Z35K,2026-09-18,2026-06-30,120,49980000000.0,,49107000000.0,129401000000.0,80293000000.0,0,0,1,株式会社オープンアップグループ
4398,S100Z33X,2026-09-18,2026-06-30,120,2979485000.0,284949000.0,2073134000.0,4501023000.0,2427889000.0,1,0,1,株式会社ブロードバンドセキュリティ
7707,S100Z33F,2026-09-18,2026-06-30,120,4086944000.0,34017000.0,1763656000.0,5853712000.0,4090055000.0,0,0,1,プレシジョン・システム・サイエンス株式会社
2481,S100Z32U,2026-09-18,2026-06-30,120,2964872000.0,1675216000.0,788886000.0,6463133000.0,5674246000.0,1,0,1,株式会社タウンニュース社
9273,S100Z2Z6,2026-09-18,2026-06-30,120,25329867000.0,1570913000.0,8352340000.0,39532710000.0,31180369000.0,0,0,1,コーア商事ホールディングス株式会社
7821,S100Z2XO,2026-09-18,2026-06-30,120,60564000000.0,426000000.0,18677000000.0,94856000000.0,76179000000.0,0,0,1,前田工繊株式会社
4073,S100Z2TG,2026-09-18,2026-06-30,120,1504069000.0,,1643754000.0,1998536000.0,354781000.0,1,0,1,株式会社ジィ・シィ企画
9421,S100Z2S2,2026-09-18,2026-06-30,120,2781910000.0,10351000.0,1978722000.0,3574280000.0,1595557000.0,0,0,1,株式会社エヌジェイホールディングス
5698,S100Z2QT,2026-09-18,2026-06-30,120,19065515000.0,4072191000.0,15582712000.0,34712571000.0,19129859000.0,0,0,1,株式会社エンビプロ・ホールディングス
4847,S100Z2KC,2026-09-18,2026-06-30,120,9880984000.0,1362192000.0,7267815000.0,17333483000.0,10065667000.0,1,0,1,株式会社インテリジェント　ウェイブ
9159,S100Z2G0,2026-09-18,2026-06-30,120,2732098000.0,14000000.0,1275942000.0,3102236000.0,1826294000.0,1,0,1,株式会社Ｗ　ＴＯＫＹＯ
9227,S100Z32B,2026-09-17,2026-06-30,120,615250000.0,0.0,1246306000.0,1399210000.0,152904000.0,1,0,1,
6090,S100Z2EI,2026-09-17,2026-06-30,120,1767916000.0,49980000.0,451388000.0,2280319000.0,1828930000.0,0,0,1,
4385,S100Z2BE,2026-09-17,2026-06-30,120,682996000000.0,,589154000000.0,726622000000.0,137468000000.0,0,0,1,
3984,S100Z2OT,2026-09-16,2026-06-30,120,10452635000.0,0.0,1734381000.0,11180602000.0,9446221000.0,1,0,1,
4826,S100Z2CK,2026-09-16,2026-06-30,120,14276608000.0,2291145000.0,4394361000.0,19394731000.0,15000370000.0,0,0,1,
7962,S100Z29T,2026-09-16,2026-06-20,120,24305467000.0,4103598000.0,11119391000.0,37352086000.0,26232694000.0,0,0,1,
5471,S100YNEC,2026-06-30,2026-03-31,120,447288000000.0,,342922000000.0,856380000000.0,513457000000.0,0,0,1,
8725,S100YNCJ,2026-06-30,2026-03-31,120,51526000000.0,209305000000.0,23110913000000.0,29592153000000.0,6481239000000.0,0,1,1,
6562,S100YNBB,2026-06-30,2026-03-31,120,9347653000.0,,16539730000.0,27377104000.0,10837373000.0,0,0,1,
9435,S100YN0V,2026-06-29,2026-03-31,120,1019640000000.0,,1636216000000.0,2853866000000.0,1217650000000.0,0,0,1,
2763,S100YLMI,2026-06-29,2026-03-31,120,26875000000.0,,10058000000.0,45345000000.0,35287000000.0,0,0,1,
5482,S100YLIN,2026-06-29,2026-03-31,120,158920000000.0,,149916000000.0,398843000000.0,248926000000.0,0,0,1,
9158,S100YKO7,2026-06-25,2026-03-31,120,30132000000.0,,63911000000.0,97949000000.0,34037000000.0,0,0,1,
6615,S100YK9A,2026-06-25,2026-03-31,120,46033000000.0,,58756000000.0,75900000000.0,17143000000.0,0,0,1,
5989,S100YFUA,2026-06-23,2026-03-31,120,88842000000.0,,122487000000.0,205407000000.0,82919000000.0,0,0,1,
6268,S100XTOY,2026-03-25,2025-12-31,120,256426000000.0,,175157000000.0,463991000000.0,288834000000.0,0,0,1,
2501,S100XTM0,2026-03-25,2025-12-31,120,340461000000.0,,433572000000.0,653690000000.0,220117000000.0,0,0,1,
6464,S100XTLM,2026-03-25,2025-12-31,120,88091000000.0,,114623000000.0,151658000000.0,37035000000.0,0,0,1,
3261,S100XTGC,2026-03-25,2025-12-31,120,5274471000.0,,2862202000.0,5548575000.0,2686373000.0,0,0,1,
9147,S100XTG8,2026-03-25,2025-12-31,120,1033325000000.0,,1565909000000.0,2414985000000.0,849075000000.0,0,0,1,
4519,S100XTBJ,2026-03-25,2025-12-31,120,1740758000000.0,,442862000000.0,2468595000000.0,2025732000000.0,0,0,1,
4293,S100XT7F,2026-03-25,2025-12-31,120,45546934000.0,,29760737000.0,96344554000.0,66583817000.0,0,0,1,
4452,S100XT6G,2026-03-25,2025-12-31,120,905892000000.0,,780354000000.0,1875054000000.0,1094700000000.0,0,0,1,
5101,S100XSMJ,2026-03-25,2025-12-31,120,826168000000.0,,958130000000.0,1998360000000.0,1040231000000.0,0,0,1,
4593,S100XTBP,2026-03-24,2025-12-31,120,6441000000.0,,12155000000.0,17054000000.0,4899000000.0,0,0,1,
5110,S100XT7A,2026-03-24,2025-12-31,120,679314000000.0,,723622000000.0,1459932000000.0,736310000000.0,0,0,1,
4597,S100XT68,2026-03-24,2025-12-31,120,1890000000.0,,393000000.0,2145000000.0,1752000000.0,0,0,1,
9145,S100XT1Y,2026-03-24,2025-12-31,120,9145000000.0,,11604000000.0,20266000000.0,8662000000.0,0,0,1,
4712,S100XSVU,2026-03-24,2025-12-31,120,12265386000.0,,32079322000.0,54830079000.0,22750757000.0,0,0,1,
2170,S100XSV5,2026-03-24,2025-12-31,120,17553000000.0,,24181000000.0,40999000000.0,16817000000.0,0,0,1,
5201,S100XSTU,2026-03-24,2025-12-31,120,967772000000.0,,1218355000000.0,2950077000000.0,1731722000000.0,0,0,1,
3659,S100XSM4,2026-03-24,2025-12-31,120,991846000000.0,,344270000000.0,1410188000000.0,1065918000000.0,0,0,1,
8508,S100XSDT,2026-03-24,2025-12-31,120,34820000000.0,2986000000.0,1136929000000.0,1319072000000.0,182143000000.0,0,1,1,
3491,S100XHWU,2026-01-28,2025-10-31,120,48799000000.0,,50917000000.0,82370000000.0,31453000000.0,0,0,1,
436A,S100X8UR,2025-12-05,2026-04-30,160,2950610000.0,7450000.0,2589720000.0,6368772000.0,3779051000.0,1,0,1,
3189,S100X7OR,2025-12-01,2025-08-31,120,17952466000.0,,5675106000.0,18320042000.0,12644935000.0,0,0,1,
3823,S100X7LO,2025-11-28,2025-08-31,120,1735057000.0,,895308000.0,2473149000.0,1577840000.0,0,0,1,
428A,S100X7KP,2025-11-28,2025-08-31,120,2002743000.0,,9178358000.0,11514869000.0,2336511000.0,0,0,1,
2404,S100X7IQ,2025-11-28,2025-08-31,120,1754036000.0,,3847870000.0,4503948000.0,656077000.0,0,0,1,
3541,S100X7ID,2025-11-28,2025-08-31,120,2104328000.0,196797000.0,1668020000.0,2557805000.0,889784000.0,1,0,1,
8411,S100X7I3,2025-11-28,2026-03-31,160,1145071000000.0,,277681073000000.0,288757081000000.0,11076007000000.0,0,1,1,
9241,S100X7HS,2025-11-28,2025-08-31,120,739350000.0,53018000.0,694420000.0,994459000.0,300039000.0,0,0,1,
369A,S100X7EY,2025-11-28,2025-08-31,120,2116015000.0,,718958000.0,3881011000.0,3162052000.0,1,0,1,
8316,S100X7DZ,2025-11-28,2026-03-31,160,2554481000000.0,,290601655000000.0,305905915000000.0,15304259000000.0,0,1,1,
2157,S100X7DQ,2025-11-28,2025-08-31,120,15791753000.0,910306000.0,33483209000.0,68588765000.0,35105556000.0,0,0,1,
7373,S100X7DA,2025-11-28,2025-08-31,120,7797928000.0,920732000.0,3692279000.0,10901270000.0,7208990000.0,0,0,1,
9252,S100X7D0,2025-11-28,2025-08-31,120,5634855000.0,,6832441000.0,11186814000.0,4354374000.0,0,0,1,
7180,S100X79Y,2025-11-28,2026-03-31,160,4364000000.0,56000000.0,12774276000000.0,13519424000000.0,745147000000.0,0,1,1,
5026,S100X79V,2025-11-28,2025-08-31,120,3056397000.0,335000.0,3179689000.0,4845099000.0,1665409000.0,0,0,1,
8306,S100X791,2025-11-28,2026-03-31,160,1143073000000.0,,382079899000000.0,404318108000000.0,22238209000000.0,0,1,1,
8630,S100X77U,2025-11-28,2026-03-31,160,302554000000.0,327071000000.0,11558898000000.0,16356544000000.0,4797646000000.0,0,1,1,
8336,S100X77Q,2025-11-28,2026-03-31,160,,,5255758000000.0,5536755000000.0,280997000000.0,0,0,1,
9983,S100X6X6,2025-11-28,2025-08-31,120,2527815000000.0,,1531852000000.0,3859353000000.0,2327501000000.0,0,0,1,
5844,S100X6SF,2025-11-28,2026-03-31,160,7788000000.0,,10910671000000.0,12155790000000.0,1245119000000.0,0,1,1,
6255,S100X6PR,2025-11-28,2025-08-31,120,9649605000.0,,2075922000.0,12911537000.0,10835614000.0,0,0,1,
8341,S100X6MP,2025-11-28,2026-03-31,160,,,9728883000000.0,10376266000000.0,647383000000.0,0,0,1,
3560,S100X6M7,2025-11-28,2025-08-31,120,4889692000.0,401605000.0,2024547000.0,6918112000.0,4893564000.0,1,0,1,
8783,S100X79I,2025-11-27,2025-08-31,120,6252804000.0,1325682000.0,4601464000.0,9031927000.0,4430463000.0,0,0,1,
5129,S100X770,2025-11-27,2025-08-31,120,4144000000.0,53000000.0,685000000.0,4493000000.0,3807000000.0,0,0,1,
9560,S100X76V,2025-11-27,2025-08-31,120,3700259000.0,34990000.0,2205269000.0,4486002000.0,2280733000.0,1,0,1,
3046,S100X74E,2025-11-27,2025-08-31,120,28650000000.0,1623000000.0,26124000000.0,57866000000.0,31742000000.0,0,0,1,
7352,S100X747,2025-11-27,2025-08-31,120,7216730000.0,40278000.0,6479938000.0,9947870000.0,3467931000.0,0,0,1,
3987,S100X72V,2025-11-27,2025-08-31,120,1916190000.0,163497000.0,1774782000.0,2558989000.0,784207000.0,0,0,1,
245A,S100X72L,2025-11-27,2025-08-31,120,1964781000.0,,2603203000.0,4563617000.0,1960414000.0,1,0,1,
8304,S100X70Q,2025-11-27,2026-03-31,160,,,7692269000000.0,8165591000000.0,473322000000.0,0,0,1,
7350,S100X6ZU,2025-11-27,2026-03-31,160,547000000.0,,2797435000000.0,2958261000000.0,160825000000.0,0,1,1,
7351,S100X6Y8,2025-11-27,2025-08-31,120,3395698000.0,1310160000.0,1100250000.0,5245428000.0,4145177000.0,0,0,1,
5580,S100X6Y2,2025-11-27,2025-08-31,120,1292812000.0,,758073000.0,1712981000.0,954907000.0,0,0,1,
8421,S100X6WO,2025-11-27,2026-03-31,160,,,46789966000000.0,48397613000000.0,1607646000000.0,0,0,1,
8367,S100X6W5,2025-11-27,2026-03-31,160,,,6458214000000.0,6761346000000.0,303131000000.0,0,0,1,
7445,S100X6V7,2025-11-27,2025-08-31,120,6986000000.0,4000000.0,11497000000.0,11994000000.0,496000000.0,1,0,1,
4433,S100X6V1,2025-11-27,2025-08-31,120,25939000000.0,600000000.0,21915000000.0,40822000000.0,18907000000.0,0,0,1,
4412,S100X6RV,2025-11-27,2025-08-31,120,1834628000.0,10000000.0,683834000.0,2077806000.0,1393972000.0,1,0,1,
8542,S100X6PQ,2025-11-27,2026-03-31,160,,,1300719000000.0,1357874000000.0,57155000000.0,0,0,1,
8522,S100X6NB,2025-11-27,2026-03-31,160,,,5803660000000.0,6101086000000.0,297425000000.0,0,0,1,
8729,S100X6ML,2025-11-27,2026-03-31,160,173640000000.0,205000000.0,23458566000000.0,24106679000000.0,648113000000.0,0,1,1,
6522,S100X66T,2025-11-27,2025-08-31,120,1729612000.0,101250000.0,1051988000.0,2781213000.0,1729225000.0,0,0,1,
8359,S100X62S,2025-11-27,2026-03-31,160,,,12471469000000.0,13512592000000.0,1041123000000.0,0,0,1,
8338,S100X5ZP,2025-11-27,2026-03-31,160,,,2767658000000.0,2870360000000.0,102701000000.0,0,0,1,
8309,S100X5XZ,2025-11-27,2026-03-31,160,66253000000.0,641000000.0,79320627000000.0,82614844000000.0,3294216000000.0,0,1,1,
8334,S100X5A1,2025-11-27,2026-03-31,160,,,10067007000000.0,10666018000000.0,599010000000.0,0,0,1,
2164,S100X6X1,2025-11-26,2025-08-31,120,1038193000.0,62696000.0,1646260000.0,2299493000.0,653233000.0,1,0,1,
2927,S100X6W8,2025-11-26,2025-08-31,120,22325077000.0,568050000.0,33526515000.0,48726913000.0,15200398000.0,0,0,1,
3647,S100X6VP,2025-11-26,2025-08-31,120,1082034000.0,,528077000.0,1223824000.0,695747000.0,0,0,1,
6668,S100X6VA,2025-11-26,2025-08-31,120,21204000000.0,450000000.0,14035000000.0,27219000000.0,13183000000.0,0,0,1,
325A,S100X6TZ,2025-11-26,2025-08-31,120,6703054000.0,9217000.0,2884017000.0,7538293000.0,4654275000.0,1,0,1,
3498,S100X6TA,2025-11-26,2025-08-31,120,87339000000.0,10658000000.0,83494000000.0,121688000000.0,38193000000.0,0,0,1,
244A,S100X6ST,2025-11-26,2025-08-31,120,3135487000.0,525005000.0,1348976000.0,4726352000.0,3377376000.0,0,0,1,
156A,S100X6SQ,2025-11-26,2025-08-31,120,2454902000.0,,1684035000.0,3896486000.0,2212450000.0,0,0,1,
9978,S100X6SE,2025-11-26,2025-08-31,120,7288639000.0,69313000.0,8403203000.0,9559279000.0,1156076000.0,0,0,1,
3174,S100X6RU,2025-11-26,2025-08-31,120,4764115000.0,54263000.0,5451767000.0,5650695000.0,198928000.0,0,0,1,
8904,S100X6R9,2025-11-26,2025-08-31,120,61148568000.0,559260000.0,43059218000.0,71081758000.0,28022540000.0,0,0,1,
7065,S100X6QU,2025-11-26,2025-08-31,120,6182679000.0,101157000.0,12653458000.0,21956241000.0,9302782000.0,0,0,1,
2736,S100X6QO,2025-11-26,2025-08-31,120,5662730000.0,92276000.0,5525097000.0,7189331000.0,1664234000.0,0,0,1,
276A,S100X6P1,2025-11-26,2025-08-31,120,3217408000.0,,1696207000.0,3791752000.0,2095545000.0,0,0,1,
2449,S100X6O3,2025-11-26,2025-08-31,120,5958117000.0,323047000.0,1408114000.0,7008511000.0,5600396000.0,0,0,1,
373A,S100X6NP,2025-11-26,2025-08-31,120,3943738000.0,,456132000.0,4073825000.0,3617693000.0,1,0,1,
4440,S100X6ND,2025-11-26,2025-08-31,120,2813136000.0,297588000.0,1234365000.0,4072109000.0,2837744000.0,0,0,1,
7818,S100X6MS,2025-11-26,2025-08-31,120,15731915000.0,4652600000.0,4134816000.0,23798171000.0,19663355000.0,0,0,1,
8560,S100X6MQ,2025-11-26,2026-03-31,160,,,777029000000.0,824596000000.0,47566000000.0,0,0,1,
4370,S100X6MF,2025-11-26,2025-08-31,120,1404465000.0,,776346000.0,2229192000.0,1452846000.0,0,0,1,
3440,S100X6MC,2025-11-26,2025-08-31,120,15832000000.0,991000000.0,14299000000.0,26948000000.0,12648000000.0,0,0,1,
8399,S100X6KD,2025-11-26,2026-03-31,160,,,2939252000000.0,3085537000000.0,146285000000.0,0,0,1,
7219,S100X6JZ,2025-11-26,2025-08-31,120,6985858000.0,671450000.0,2582782000.0,13233708000.0,10650925000.0,0,0,1,
4397,S100X6JN,2025-11-26,2025-08-31,120,3676953000.0,,2848914000.0,4472837000.0,1623923000.0,0,0,1,
6289,S100X6JF,2025-11-26,2025-08-31,120,23849000000.0,2220000000.0,7551000000.0,47837000000.0,40285000000.0,0,0,1,
3536,S100X6JA,2025-11-26,2025-08-31,120,7833414000.0,197355000.0,13485288000.0,15683435000.0,2198146000.0,0,0,1,
8713,S100X6IK,2025-11-26,2026-03-31,160,1002000000.0,,2837561000000.0,2922500000000.0,84938000000.0,0,1,1,
5838,S100X6GP,2025-11-26,2026-03-31,160,,,15354260000000.0,15710355000000.0,356095000000.0,0,0,1,
1434,S100X6GM,2025-11-26,2025-08-31,120,14205868000.0,254604000.0,10086301000.0,17647633000.0,7561332000.0,0,0,1,
8395,S100X6FX,2025-11-26,2026-03-31,160,,,3080183000000.0,3203327000000.0,123144000000.0,0,0,1,
4199,S100X6FE,2025-11-26,2025-08-31,120,1730094000.0,0.0,1389297000.0,1984664000.0,595367000.0,1,0,1,
8349,S100X6F4,2025-11-26,2026-03-31,160,,,1001200000000.0,1037959000000.0,36758000000.0,0,0,1,
9418,S100X6EF,2025-11-26,2025-08-31,120,172358000000.0,1508000000.0,151074000000.0,259782000000.0,108708000000.0,0,0,1,
5831,S100X6DV,2025-11-26,2026-03-31,160,59386000000.0,,14545484000000.0,15793072000000.0,1247588000000.0,0,1,1,
7928,S100X6CC,2025-11-26,2025-08-31,120,3157478000.0,224952000.0,1387168000.0,6678137000.0,5290968000.0,0,0,1,
7380,S100X68Z,2025-11-26,2026-03-31,160,4048000000.0,,7106745000000.0,7563306000000.0,456560000000.0,0,1,1,
7805,S100X68N,2025-11-26,2025-08-31,120,3325265000.0,96036000.0,3317858000.0,7488080000.0,4170221000.0,1,0,1,
367A,S100X66L,2025-11-26,2025-08-31,120,12512000000.0,,27896000000.0,45949000000.0,18052000000.0,0,0,1,
8344,S100X5RJ,2025-11-26,2026-03-31,160,,,3010149000000.0,3160488000000.0,150338000000.0,0,0,1,
4760,S100X5LJ,2025-11-26,2025-08-31,120,2365706000.0,19986000.0,3010569000.0,4533668000.0,1523098000.0,0,0,1,
9331,S100X1KO,2025-11-26,2025-08-31,120,1525892000.0,,1162330000.0,1872251000.0,709921000.0,0,0,1,
2484,S100X153,2025-11-26,2025-08-31,120,38440000000.0,,10222000000.0,38848000000.0,28625000000.0,0,0,1,
8551,S100WYK4,2025-11-26,2026-03-31,160,,,1451196000000.0,1542494000000.0,91297000000.0,0,0,1,
5574,S100X6IA,2025-11-25,2025-08-31,120,5104545000.0,,846438000.0,5318174000.0,4471736000.0,1,0,1,
3991,S100X6HU,2025-11-25,2025-08-31,120,6675781000.0,320000.0,2247720000.0,7158262000.0,4910541000.0,0,0,1,
3045,S100X6HQ,2025-11-25,2025-08-31,120,1136232000.0,,2303058000.0,8058568000.0,5755510000.0,1,0,1,
414A,S100X6HK,2025-11-25,2025-08-31,120,6539000000.0,,10447000000.0,18575000000.0,8128000000.0,0,0,1,
4439,S100X6GX,2025-11-25,2025-08-31,120,14711856000.0,22554000.0,6786045000.0,16583949000.0,9797903000.0,0,0,1,
2999,S100X6G1,2025-11-25,2025-08-31,120,13808662000.0,,8704184000.0,14473408000.0,5769223000.0,1,0,1,
8393,S100X6FY,2025-11-25,2026-03-31,160,,,3872489000000.0,4079253000000.0,206764000000.0,0,0,1,
6025,S100X6F1,2025-11-25,2025-08-31,120,1833680000.0,21143000.0,2023647000.0,2299864000.0,276217000.0,0,0,1,
5578,S100X6EQ,2025-11-25,2025-08-31,120,5023198000.0,50248000.0,4593911000.0,6762941000.0,2169029000.0,0,0,1,
6264,S100X6CU,2025-11-25,2025-08-31,120,10477608000.0,,17271927000.0,25423446000.0,8151519000.0,0,0,1,
9270,S100X6BK,2025-11-25,2025-08-31,120,20043532000.0,0.0,23262088000.0,30938347000.0,7676259000.0,0,0,1,
7167,S100X6B7,2025-11-25,2026-03-31,160,7504000000.0,,19945074000000.0,20976744000000.0,1031670000000.0,0,1,1,
7035,S100X6AI,2025-11-25,2025-08-31,120,1840487000.0,45832000.0,1127644000.0,2020456000.0,892811000.0,0,0,1,
8354,S100X69X,2025-11-25,2026-03-31,160,4995000000.0,,32194047000000.0,33212213000000.0,1018165000000.0,0,1,1,
8398,S100X69P,2025-11-25,2026-03-31,160,,,878488000000.0,914674000000.0,36185000000.0,0,0,1,
1407,S100X68L,2025-11-25,2025-08-31,120,89170000000.0,1722000000.0,112008000000.0,148546000000.0,36537000000.0,0,0,1,
7514,S100X67D,2025-11-25,2025-08-31,120,22955000000.0,618000000.0,18336000000.0,34667000000.0,16331000000.0,0,0,1,
7150,S100X63X,2025-11-25,2026-03-31,160,,,560030000000.0,574602000000.0,14572000000.0,0,0,1,
8392,S100X630,2025-11-25,2026-03-31,160,,,4255604000000.0,4481088000000.0,225484000000.0,0,0,1,
2735,S100X626,2025-11-25,2025-08-31,120,21185526000.0,360046000.0,14480820000.0,27510760000.0,13029940000.0,0,0,1,
8343,S100X61D,2025-11-25,2026-03-31,160,,,3400218000000.0,3574997000000.0,174779000000.0,0,0,1,
7189,S100X600,2025-11-25,2026-03-31,160,13002000000.0,17000000.0,12871445000000.0,13464572000000.0,593126000000.0,0,1,1,
7581,S100X5Z0,2025-11-25,2025-08-31,120,96465000000.0,,62289000000.0,179446000000.0,117157000000.0,0,0,1,
8331,S100X5YY,2025-11-25,2026-03-31,160,,,19711947000000.0,20943626000000.0,1231679000000.0,0,0,1,
9264,S100X5TH,2025-11-25,2025-08-31,120,8088596000.0,257765000.0,10829393000.0,15085165000.0,4255771000.0,0,0,1,
8366,S100X5T1,2025-11-25,2026-03-31,160,,,7104795000000.0,7589627000000.0,484832000000.0,0,0,1,
8714,S100X5RZ,2025-11-25,2026-03-31,160,729000000.0,,6315396000000.0,6563376000000.0,247980000000.0,0,1,1,
4015,S100X5MX,2025-11-25,2025-08-31,120,6143599000.0,32439000.0,4879389000.0,9409689000.0,4530300000.0,0,0,1,
9979,S100X5DP,2025-11-25,2025-08-31,120,11486000000.0,1087000000.0,18236000000.0,29523000000.0,11286000000.0,0,0,1,
7389,S100WZ7X,2025-11-25,2026-03-31,160,1798000000.0,,6501866000000.0,6899619000000.0,397752000000.0,0,1,1,
8541,S100X659,2025-11-21,2026-03-31,160,,,2848081000000.0,2990935000000.0,142853000000.0,0,0,1,
190A,S100X63V,2025-11-21,2025-08-31,120,2669033000.0,,244338000.0,2681349000.0,2437010000.0,1,0,1,
3697,S100X63F,2025-11-21,2025-08-31,120,43123000000.0,9583000000.0,35963000000.0,77001000000.0,41037000000.0,0,0,1,
3815,S100X62P,2025-11-21,2025-08-31,120,1860331000.0,0.0,1569625000.0,2277626000.0,708001000.0,0,0,1,
8416,S100X627,2025-11-21,2026-03-31,160,,,1106404000000.0,1162081000000.0,55676000000.0,0,0,1,
7085,S100X61U,2025-11-21,2025-08-31,120,16916000000.0,,19045000000.0,39205000000.0,20160000000.0,0,0,1,
5832,S100X61G,2025-11-21,2026-03-31,160,10306000000.0,3000000000.0,10676816000000.0,11270811000000.0,593995000000.0,0,1,1,
8418,S100X60B,2025-11-21,2026-03-31,160,15240000000.0,9911000000.0,12318314000000.0,12983498000000.0,665183000000.0,0,1,1,
8345,S100X5ZS,2025-11-21,2026-03-31,160,,,3620549000000.0,3814826000000.0,194276000000.0,0,0,1,
8358,S100X5ZC,2025-11-21,2026-03-31,160,,,3130776000000.0,3433830000000.0,303053000000.0,0,0,1,
8554,S100X5UU,2025-11-21,2026-03-31,160,,,804238000000.0,847415000000.0,43176000000.0,0,0,1,
7337,S100X5TI,2025-11-21,2026-03-31,160,16578000000.0,,11956664000000.0,12503943000000.0,547278000000.0,0,1,1,
8381,S100X5SX,2025-11-21,2026-03-31,160,,,8172586000000.0,8495593000000.0,323006000000.0,0,0,1,
7173,S100X5SN,2025-11-21,2026-03-31,160,6527000000.0,520000000.0,6997836000000.0,7396042000000.0,398205000000.0,0,1,1,
8362,S100X5SL,2025-11-21,2026-03-31,160,,,4119898000000.0,4266452000000.0,146553000000.0,0,0,1,
7322,S100X5S5,2025-11-21,2026-03-31,160,2138000000.0,85000000.0,4333413000000.0,4555028000000.0,221614000000.0,0,1,1,
8370,S100X5QS,2025-11-21,2026-03-31,160,,,5790703000000.0,6038284000000.0,247580000000.0,0,0,1,
8383,S100X5QP,2025-11-21,2026-03-31,160,,,1066320000000.0,1116135000000.0,49814000000.0,0,0,1,
7326,S100X5QM,2025-11-21,2026-03-31,160,1052000000.0,,177325000000.0,222403000000.0,45078000000.0,0,1,1,
8563,S100X5QA,2025-11-21,2025-09-30,160,,,834881000000.0,867743000000.0,32862000000.0,0,0,1,
7453,S100X5NI,2025-11-21,2025-08-31,120,367068000000.0,2841000000.0,226828000000.0,562749000000.0,335920000000.0,0,0,1,
7181,S100X5N1,2025-11-21,2026-03-31,160,,,55188367000000.0,58988356000000.0,3799988000000.0,0,0,1,
3607,S100X5IQ,2025-11-21,2025-08-31,120,3705799000.0,27008000.0,8657732000.0,12625436000.0,3967703000.0,0,0,1,
8308,S100X5DZ,2025-11-21,2026-03-31,160,114626000000.0,1310000000.0,73414528000000.0,76319330000000.0,2904802000000.0,0,1,1,
7184,S100X573,2025-11-21,2026-03-31,160,,,1462992000000.0,1638688000000.0,175696000000.0,0,0,1,
7182,S100X21W,2025-11-21,2026-03-31,160,,,223626169000000.0,232938414000000.0,9312245000000.0,0,0,1,
8795,S100X5YR,2025-11-20,2026-03-31,160,107311000000.0,,15661735000000.0,17182186000000.0,1520450000000.0,0,1,1,
4176,S100X5W6,2025-11-20,2025-08-31,120,4248143000.0,,3907972000.0,6325234000.0,2417262000.0,0,0,1,
3168,S100X5OB,2025-11-20,2025-08-31,120,21211871000.0,849566000.0,16487204000.0,25705307000.0,9218102000.0,0,0,1,
6199,S100X5OA,2025-11-20,2025-08-31,120,10911126000.0,3496000.0,4421562000.0,13324336000.0,8902774000.0,0,0,1,
6159,S100X5M8,2025-11-20,2025-08-31,120,11054380000.0,1831389000.0,1931362000.0,15564724000.0,13633362000.0,0,0,1,
7381,S100X5M1,2025-11-20,2026-03-31,160,17769000000.0,,5957453000000.0,6211055000000.0,253602000000.0,0,1,1,
4728,S100X5JM,2025-11-20,2025-08-31,120,4325383000.0,685015000.0,1674438000.0,7836334000.0,6161896000.0,0,0,1,
4668,S100X5JB,2025-11-20,2025-08-31,120,12210000000.0,3787000000.0,6564000000.0,19150000000.0,12585000000.0,0,0,1,
7384,S100X5IP,2025-11-20,2026-03-31,160,4124000000.0,,5950830000000.0,6116691000000.0,165860000000.0,0,1,1,
8544,S100X5IG,2025-11-20,2025-09-30,160,,,6275723000000.0,6601903000000.0,326179000000.0,0,0,1,
8127,S100X5IF,2025-11-20,2025-08-31,120,10308720000.0,5902647000.0,5986692000.0,23301133000.0,17314441000.0,0,0,1,
8337,S100X5EO,2025-11-20,2026-03-31,160,,,3117672000000.0,3303720000000.0,186047000000.0,0,0,1,
8368,S100X519,2025-11-20,2026-03-31,160,,,7077760000000.0,7557938000000.0,480178000000.0,0,0,1,
8537,S100X4ZW,2025-11-20,2026-03-31,160,,,1625121000000.0,1706112000000.0,80990000000.0,0,0,1,
7607,S100X5L9,2025-11-19,2025-08-31,120,62290395000.0,2680182000.0,30799924000.0,74409241000.0,43609317000.0,0,0,1,
3048,S100X5J8,2025-11-19,2025-08-31,120,278158000000.0,32642000000.0,280764000000.0,492531000000.0,211767000000.0,0,0,1,
8766,S100X5HN,2025-11-19,2026-03-31,160,6468000000.0,,25855457000000.0,30880533000000.0,5025075000000.0,0,1,1,
8725,S100X5HE,2025-11-19,2026-03-31,160,123466000000.0,188161000000.0,22892895000000.0,27283536000000.0,4390641000000.0,0,1,1,
8559,S100X5H8,2025-11-19,2026-03-31,160,,,566627000000.0,594215000000.0,27587000000.0,1,0,1,
8365,S100X5ES,2025-11-19,2026-03-31,160,,,544083000000.0,575440000000.0,31357000000.0,0,0,1,
7447,S100X5AK,2025-11-19,2025-08-31,120,36200109000.0,212465000.0,3373763000.0,44692182000.0,41318419000.0,0,0,1,
1997,S100X59V,2025-11-19,2025-08-31,120,7209851000.0,994546000.0,3417410000.0,10971640000.0,7554229000.0,1,0,1,
8254,S100X51A,2025-11-19,2025-08-31,120,2186889000.0,288395000.0,11102034000.0,11894024000.0,791990000.0,0,0,1,
8360,S100X492,2025-11-19,2026-03-31,160,,,4356537000000.0,4588010000000.0,231473000000.0,0,0,1,
7730,S100X59Q,2025-11-18,2025-08-31,120,29978000000.0,63000000.0,4425000000.0,57987000000.0,53561000000.0,0,0,1,
9414,S100X54M,2025-11-18,2025-08-31,120,17223341000.0,2615358000.0,2472170000.0,26898356000.0,24426185000.0,0,0,1,
8600,S100X4NO,2025-11-18,2026-03-31,160,5802000000.0,,4846827000000.0,5137143000000.0,290315000000.0,0,1,1,
8346,S100X2WQ,2025-11-18,2025-09-30,160,,,6434868000000.0,6643796000000.0,208928000000.0,0,0,1,
7513,S100X50A,2025-11-17,2025-08-31,120,84024000000.0,,50538000000.0,120786000000.0,70247000000.0,1,0,1,
8364,S100X4RH,2025-11-17,2026-03-31,160,,,1709459000000.0,1788493000000.0,79033000000.0,0,0,1,
7186,S100X4N3,2025-11-17,2026-03-31,160,15696000000.0,25000000.0,23423785000000.0,24808741000000.0,1384956000000.0,0,1,1,
3079,S100X4C4,2025-11-14,2026-03-31,160,22013132000.0,337743000.0,16058424000.0,24726201000.0,8667777000.0,0,0,1,
7600,S100X3P4,2025-11-14,2026-03-31,160,22928889000.0,,8341847000.0,32677914000.0,24336067000.0,0,0,1,
5011,S100X3N0,2025-11-14,2026-03-31,160,48534000000.0,10901000000.0,33012000000.0,108852000000.0,75839000000.0,0,0,1,
7555,S100X3MQ,2025-11-14,2026-03-31,160,3340000000.0,,2736000000.0,7864000000.0,5128000000.0,0,0,1,
9628,S100X3M7,2025-11-14,2026-08-31,160,10978000000.0,224000000.0,21749000000.0,59513000000.0,37763000000.0,0,0,1,
5989,S100X2WV,2025-11-13,2026-03-31,160,91459000000.0,,120660000000.0,191733000000.0,71072000000.0,0,0,1,
6803,S100X0X4,2025-11-13,2025-09-30,160,8691000000.0,,7585000000.0,10914000000.0,3329000000.0,0,0,1,
6615,S100X2B1,2025-11-12,2025-09-30,160,44367000000.0,,56842000000.0,72724000000.0,15881000000.0,0,0,1,
3558,S100WVFG,2025-10-15,2026-02-28,160,8854811000.0,7500000.0,5488002000.0,13122014000.0,7634011000.0,0,0,1,
3826,S100WVF9,2025-10-15,2026-02-28,160,4674172000.0,,1320742000.0,5531862000.0,4211119000.0,0,0,1,
6572,S100WVF3,2025-10-15,2026-02-28,160,14398888000.0,1714211000.0,8040809000.0,18975256000.0,10934446000.0,0,0,1,
4891,S100WVET,2025-10-15,2025-12-31,160,3118956000.0,,130027000.0,3122129000.0,2992101000.0,1,0,1,
7357,S100WVEL,2025-10-15,2026-02-28,160,1154414000.0,386409000.0,668466000.0,1785472000.0,1117006000.0,1,0,1,
3479,S100WVDO,2025-10-15,2026-02-28,160,36467000000.0,7279000000.0,86951000000.0,129960000000.0,43008000000.0,0,0,1,
274A,S100WVDF,2025-10-15,2026-02-28,160,13691458000.0,146640000.0,10270070000.0,18083408000.0,7813338000.0,1,0,1,
8289,S100WVD3,2025-10-15,2026-02-28,160,20339000000.0,,46226000000.0,69245000000.0,23018000000.0,0,0,1,
6182,S100WVBZ,2025-10-15,2026-02-28,160,3406622000.0,54559000.0,2696162000.0,4584625000.0,1888462000.0,0,0,1,
2300,S100WVBK,2025-10-15,2026-02-28,160,919163000.0,759880000.0,2226755000.0,4694469000.0,2467713000.0,1,0,1,
9601,S100WVBB,2025-10-15,2026-02-28,160,46953000000.0,52318000000.0,123196000000.0,226428000000.0,103232000000.0,0,0,1,
2872,S100WVAX,2025-10-15,2026-02-28,160,2075883000.0,168752000.0,2298383000.0,3858315000.0,1559932000.0,1,0,1,
9388,S100WVAV,2025-10-15,2026-02-28,160,1776254000.0,52000000.0,880614000.0,2485417000.0,1604803000.0,1,0,1,
9238,S100WVAT,2025-10-15,2026-02-28,160,4678546000.0,,4541367000.0,5213387000.0,672020000.0,1,0,1,
7689,S100WVAB,2025-10-15,2026-02-28,160,1279578000.0,,299466000.0,1286987000.0,987520000.0,1,0,1,
4920,S100WVA4,2025-10-15,2026-02-28,160,6936168000.0,253134000.0,13230368000.0,17050868000.0,3820500000.0,0,0,1,
4413,S100WV9Z,2025-10-15,2026-02-28,160,6572910000.0,,5539426000.0,11809537000.0,6270110000.0,0,0,1,
9716,S100WV9U,2025-10-15,2026-02-28,160,75725000000.0,2802000000.0,34055000000.0,89378000000.0,55323000000.0,0,0,1,
3935,S100WV9P,2025-10-15,2026-02-28,160,2951996000.0,5000000.0,1864307000.0,3246119000.0,1381812000.0,0,0,1,
3260,S100WV9O,2025-10-15,2026-02-28,160,844700000.0,70000000.0,1284113000.0,1156956000.0,-127157000.0,0,0,1,
6521,S100WV9N,2025-10-15,2026-02-28,160,8293462000.0,,12007673000.0,17285153000.0,5277480000.0,0,0,1,
6578,S100WV9G,2025-10-15,2026-02-28,160,2650011000.0,,1947386000.0,2916619000.0,969233000.0,0,0,1,
4490,S100WV9B,2025-10-15,2026-02-28,160,6267614000.0,,5702613000.0,6717902000.0,1015288000.0,0,0,1,
1418,S100WV99,2025-10-15,2026-02-28,160,6925378000.0,642699000.0,4758236000.0,9389749000.0,4631512000.0,0,0,1,
3094,S100WV93,2025-10-15,2026-02-28,160,7900962000.0,,16567514000.0,18315329000.0,1747814000.0,1,0,1,
3915,S100WV8V,2025-10-15,2025-08-31,160,13157375000.0,4152437000.0,6732485000.0,20047989000.0,13315503000.0,0,0,1,
2798,S100WV8S,2025-10-15,2026-02-28,160,2760403000.0,218200000.0,4298202000.0,5096650000.0,798448000.0,0,0,1,
7807,S100WV7U,2025-10-15,2026-02-28,160,3791489000.0,12322000.0,1653159000.0,4809961000.0,3156802000.0,0,0,1,
7610,S100WV7G,2025-10-15,2026-02-28,160,9976990000.0,,8462134000.0,14724171000.0,6262037000.0,0,0,1,
8143,S100WV7B,2025-10-15,2026-02-28,160,1124656000.0,601601000.0,2208453000.0,2927710000.0,719256000.0,0,0,1,
6058,S100WV6S,2025-10-15,2026-02-28,160,36229000000.0,1402000000.0,25333000000.0,48357000000.0,23023000000.0,0,0,1,
7450,S100WV6Q,2025-10-15,2026-02-28,160,14749473000.0,,25829948000.0,35073673000.0,9243724000.0,1,0,1,
4317,S100WV6N,2025-10-15,2026-02-28,160,6069577000.0,296632000.0,3123703000.0,10134300000.0,7010597000.0,0,0,1,
304A,S100WV65,2025-10-15,2026-02-28,160,1823020000.0,,291797000.0,2252728000.0,1960930000.0,1,0,1,
2884,S100WV62,2025-10-15,2026-02-28,160,37337622000.0,,42785089000.0,60476233000.0,17691143000.0,0,0,1,
4432,S100WV5T,2025-10-15,2026-02-28,160,17043524000.0,,27596952000.0,71981181000.0,44384229000.0,0,0,1,
3073,S100WV5N,2025-10-15,2026-02-28,160,12099000000.0,1474000000.0,22353000000.0,32178000000.0,9825000000.0,0,0,1,
6543,S100WV5D,2025-10-15,2026-02-28,160,2620960000.0,340521000.0,1468089000.0,4980860000.0,3512771000.0,0,0,1,
5025,S100WV55,2025-10-15,2026-02-28,160,952187000.0,,225023000.0,1162783000.0,937760000.0,1,0,1,
9982,S100WV4Z,2025-10-15,2026-02-28,160,20637000000.0,4632000000.0,15483000000.0,46704000000.0,31220000000.0,0,0,1,
3223,S100WV3L,2025-10-15,2026-02-28,160,818478000.0,1500000.0,651896000.0,1198929000.0,547033000.0,1,0,1,
4745,S100WV30,2025-10-15,2026-02-28,160,9242770000.0,,4355388000.0,12969209000.0,8613821000.0,0,0,1,
7894,S100WV2B,2025-10-15,2026-02-28,160,10844479000.0,1097541000.0,9318805000.0,18838347000.0,9519541000.0,0,0,1,
4270,S100WV28,2025-10-15,2026-02-28,160,5109959000.0,,2536874000.0,5411797000.0,2874922000.0,0,0,1,
5817,S100WV1U,2025-10-15,2026-02-28,160,5501862000.0,,4862823000.0,10232208000.0,5369385000.0,1,0,1,
3678,S100WV18,2025-10-15,2026-02-28,160,42982000000.0,5537000000.0,37190000000.0,55666000000.0,18476000000.0,0,0,1,
2337,S100WV0Z,2025-10-15,2026-02-28,160,209738000000.0,26971000000.0,295847000000.0,420190000000.0,124343000000.0,0,0,1,
6532,S100WUZT,2025-10-15,2026-02-28,160,95836000000.0,,27966000000.0,131518000000.0,103552000000.0,0,0,1,
6173,S100WUZ7,2025-10-15,2026-02-28,160,356510000.0,,623408000.0,410804000.0,-212603000.0,0,0,1,
2685,S100WUZ6,2025-10-15,2026-02-28,160,71200000000.0,716000000.0,58960000000.0,139409000000.0,80448000000.0,0,0,1,
3086,S100WUYZ,2025-10-15,2026-02-28,160,225394000000.0,,722657000000.0,1140108000000.0,417450000000.0,0,0,1,
3546,S100WUYU,2025-10-15,2026-02-28,160,47722000000.0,,61511000000.0,94817000000.0,33305000000.0,0,0,1,
2686,S100WUYS,2025-10-15,2026-02-28,160,29657000000.0,,33451000000.0,33416000000.0,-34000000.0,0,0,1,
3548,S100WUYQ,2025-10-15,2026-02-28,160,19667000000.0,,14919000000.0,28882000000.0,13963000000.0,0,0,1,
3080,S100WUXK,2025-10-15,2026-02-28,160,7833785000.0,,5768937000.0,12084841000.0,6315903000.0,0,0,1,
2930,S100WUWF,2025-10-15,2026-02-28,160,7840198000.0,,1041199000.0,8977238000.0,7936039000.0,0,0,1,
323A,S100WUV4,2025-10-15,2026-02-28,160,584188000.0,,367112000.0,674390000.0,307278000.0,1,0,1,
4434,S100WUUT,2025-10-15,2026-02-28,160,14618238000.0,4132363000.0,9166450000.0,19285203000.0,10118752000.0,0,0,1,
3181,S100WUUC,2025-10-15,2026-02-28,160,3782528000.0,150000000.0,2353330000.0,5524705000.0,3171374000.0,1,0,1,
8125,S100WUTC,2025-10-15,2026-02-28,160,45884000000.0,5591000000.0,40427000000.0,139783000000.0,99355000000.0,0,0,1,
2292,S100WUT6,2025-10-15,2026-02-28,160,134680000000.0,17542000000.0,110917000000.0,242497000000.0,131580000000.0,0,0,1,
6734,S100WUSF,2025-10-15,2026-02-28,160,4485342000.0,81510000.0,1961915000.0,4758724000.0,2796809000.0,0,0,1,
7847,S100WUSA,2025-10-15,2026-02-28,160,4611766000.0,,1806387000.0,6776622000.0,4970235000.0,1,0,1,
2683,S100WUS7,2025-10-15,2026-02-28,160,1919985000.0,204828000.0,2269888000.0,3073288000.0,803399000.0,0,0,1,
6323,S100WUQU,2025-10-15,2026-02-28,160,138355000000.0,1464000000.0,51429000000.0,177928000000.0,126498000000.0,0,0,1,
3557,S100WUPL,2025-10-15,2026-02-28,160,2081881000.0,,3581975000.0,4228062000.0,646086000.0,1,0,1,
3384,S100WUPI,2025-10-15,2026-02-28,160,2622409000.0,,1378295000.0,2885652000.0,1507356000.0,1,0,1,
6224,S100WULF,2025-10-15,2026-02-28,160,8524744000.0,211132000.0,8354961000.0,13600347000.0,5245385000.0,0,0,1,
7599,S100WUHP,2025-10-15,2026-02-28,160,180222000000.0,,159132000000.0,243581000000.0,84449000000.0,0,0,1,
2935,S100WUFM,2025-10-15,2026-02-28,160,12644000000.0,786000000.0,11792000000.0,31651000000.0,19859000000.0,0,0,1,
7485,S100WUCF,2025-10-15,2026-02-28,160,522715000000.0,241658000000.0,468973000000.0,900249000000.0,431275000000.0,0,0,1,
9602,S100WU41,2025-10-15,2026-02-28,160,258896000000.0,159315000000.0,188231000000.0,715724000000.0,527493000000.0,0,0,1,
3065,S100WU2Q,2025-10-15,2026-02-28,160,2681211000.0,,2439987000.0,4239712000.0,1799725000.0,1,0,1,
9381,S100WTW4,2025-10-15,2026-02-28,160,20724000000.0,3163000000.0,6434000000.0,26323000000.0,19889000000.0,0,0,1,
8194,S100WTSB,2025-10-15,2026-02-28,160,128495000000.0,,194700000000.0,339381000000.0,144681000000.0,0,0,1,
8267,S100WTCN,2025-10-15,2026-02-28,160,9251990000000.0,346978000000.0,12481055000000.0,14498887000000.0,2017831000000.0,0,0,1,
7515,S100WRXJ,2025-10-15,2025-08-31,160,3923643000.0,339747000.0,13837782000.0,17145351000.0,3307569000.0,0,0,1,
339A,S100WUZW,2025-10-14,2026-02-28,160,4026000000.0,,5406000000.0,10861000000.0,5454000000.0,0,0,1,
2936,S100WUZ3,2025-10-14,2026-02-28,160,3197404000.0,,2834077000.0,3849651000.0,1015574000.0,1,0,1,
3083,S100WUY4,2025-10-14,2026-02-28,160,1427195000.0,30000000.0,1431332000.0,3068796000.0,1637463000.0,0,0,1,
3391,S100WUY0,2025-10-14,2026-02-28,160,345801000000.0,31397000000.0,311707000000.0,634552000000.0,322845000000.0,0,0,1,
6897,S100WUXX,2025-10-14,2026-02-28,160,6056806000.0,269483000.0,3532506000.0,10780128000.0,7247622000.0,1,0,1,
3177,S100WUXE,2025-10-14,2026-02-28,160,3154890000.0,,2906533000.0,6328764000.0,3422230000.0,0,0,1,
3562,S100WUX9,2025-10-14,2026-02-28,160,6842299000.0,,7430121000.0,11482352000.0,4052231000.0,0,0,1,
3087,S100WUWE,2025-10-14,2025-08-31,160,58247000000.0,1190000000.0,32497000000.0,134850000000.0,102353000000.0,0,0,1,
9661,S100WUWA,2025-10-14,2026-02-28,160,2578919000.0,7129873000.0,13595405000.0,25871127000.0,12275721000.0,0,0,1,
9168,S100WUW1,2025-10-14,2025-08-31,160,3932130000.0,,2704755000.0,9589693000.0,6884939000.0,0,0,1,
8167,S100WUVV,2025-10-14,2026-02-28,160,43330000000.0,13652000000.0,49078000000.0,136578000000.0,87499000000.0,0,0,1,
7608,S100WUVR,2025-10-14,2026-02-28,160,7273085000.0,184924000.0,1593697000.0,7761660000.0,6167962000.0,0,0,1,
3396,S100WUV3,2025-10-14,2026-02-28,160,16749000000.0,2350000000.0,8772000000.0,28145000000.0,19372000000.0,0,0,1,
9948,S100WUUW,2025-10-14,2026-02-28,160,129644000000.0,11603000000.0,107728000000.0,296540000000.0,188812000000.0,0,0,1,
2186,S100WUUG,2025-10-14,2026-02-28,160,5069195000.0,,1188669000.0,5603817000.0,4415148000.0,0,0,1,
2882,S100WUU8,2025-10-14,2026-02-28,160,14334000000.0,,21182000000.0,32575000000.0,11392000000.0,0,0,1,
9326,S100WUTP,2025-10-14,2026-02-28,160,6405713000.0,54676000.0,10110245000.0,12163303000.0,2053057000.0,0,0,1,
9974,S100WUT2,2025-10-14,2026-02-28,160,45532000000.0,,101024000000.0,215705000000.0,114681000000.0,0,0,1,
3627,S100WUSQ,2025-10-14,2026-02-28,160,5437292000.0,825157000.0,4037731000.0,10077604000.0,6039873000.0,0,0,1,
3922,S100WURY,2025-10-14,2026-02-28,160,8185944000.0,,1669287000.0,9784482000.0,8115194000.0,0,0,1,
7630,S100WUR3,2025-10-14,2026-02-28,160,21721000000.0,568000000.0,14923000000.0,47477000000.0,32554000000.0,0,0,1,
2305,S100WUR0,2025-10-14,2026-02-28,160,21202085000.0,,9971298000.0,38718403000.0,28747105000.0,0,0,1,
8260,S100WUQV,2025-10-14,2025-08-31,160,7026000000.0,,32030000000.0,43861000000.0,11831000000.0,0,0,1,
6432,S100WUQH,2025-10-14,2026-02-28,160,173333000000.0,,43211000000.0,212094000000.0,168882000000.0,0,0,1,
3030,S100WUQB,2025-10-14,2026-02-28,160,3294572000.0,,3237478000.0,6314235000.0,3076757000.0,1,0,1,
8247,S100WUQ2,2025-10-14,2026-02-28,160,5488160000.0,4200452000.0,21819897000.0,27763399000.0,5943501000.0,0,0,1,
2789,S100WUQ0,2025-10-14,2026-02-28,160,1986240000.0,283000.0,3414635000.0,5607945000.0,2193309000.0,0,0,1,
2659,S100WUPS,2025-10-14,2025-08-31,160,105279000000.0,,56158000000.0,211767000000.0,155608000000.0,0,0,1,
3612,S100WUPJ,2025-10-14,2026-02-28,160,85466000000.0,,173815000000.0,263845000000.0,90030000000.0,0,0,1,
8273,S100WUP3,2025-10-14,2026-02-28,160,137245000000.0,,295356000000.0,597259000000.0,301902000000.0,0,0,1,
6142,S100WUOO,2025-10-14,2026-02-28,160,15525905000.0,2074561000.0,5584432000.0,25191151000.0,19606718000.0,0,0,1,
2379,S100WUO6,2025-10-14,2026-02-28,160,25098895000.0,4975686000.0,12294087000.0,49717059000.0,37422971000.0,0,0,1,
4494,S100WUO1,2025-10-14,2026-02-28,160,1764931000.0,,1424527000.0,5322451000.0,3897923000.0,1,0,1,
7611,S100WUNM,2025-10-14,2026-02-28,160,14986767000.0,188253000.0,9130453000.0,32532937000.0,23402484000.0,1,0,1,
3063,S100WUNE,2025-10-14,2026-02-28,160,3589077000.0,7330000.0,8433561000.0,10546387000.0,2112825000.0,0,0,1,
3977,S100WUN2,2025-10-14,2026-02-28,160,488125000.0,,339143000.0,656158000.0,317015000.0,1,0,1,
7649,S100WUN1,2025-10-14,2026-02-28,160,301764000000.0,4375000000.0,278509000000.0,554801000000.0,276292000000.0,0,0,1,
5982,S100WUN0,2025-10-14,2026-02-28,160,53316059000.0,,23077408000.0,73025859000.0,49948450000.0,0,0,1,
3382,S100WUMU,2025-10-14,2026-02-28,160,1877210000000.0,293610000000.0,6038199000000.0,9650060000000.0,3611861000000.0,0,0,1,
8185,S100WUMI,2025-10-14,2026-02-28,160,47022000000.0,2650000000.0,24356000000.0,75443000000.0,51087000000.0,0,0,1,
3967,S100WUMH,2025-10-14,2026-02-28,160,4047684000.0,438843000.0,5261480000.0,7301463000.0,2039982000.0,0,0,1,
3608,S100WULT,2025-10-14,2026-02-28,160,67882000000.0,24127000000.0,29942000000.0,122701000000.0,92759000000.0,0,0,1,
9993,S100WUKL,2025-10-14,2026-02-28,160,15031000000.0,,29487000000.0,56106000000.0,26619000000.0,0,0,1,
4429,S100WUKE,2025-10-14,2026-02-28,160,7106808000.0,,4396511000.0,7533354000.0,3136842000.0,0,0,1,
9835,S100WUJK,2025-10-14,2026-02-28,160,16596484000.0,,28107025000.0,41542127000.0,13435101000.0,1,0,1,
3996,S100WUIN,2025-10-14,2026-02-28,160,2258133000.0,,1202339000.0,2978829000.0,1776489000.0,1,0,1,
8233,S100WUHK,2025-10-14,2026-02-28,160,349869000000.0,120715000000.0,790916000000.0,1299285000000.0,508368000000.0,0,0,1,
5078,S100WUFW,2025-10-14,2026-02-28,160,21721659000.0,,4085309000.0,24728726000.0,20643417000.0,0,0,1,
7077,S100WUFB,2025-10-14,2026-02-28,160,1769730000.0,,468037000.0,2072039000.0,1604002000.0,0,0,1,
2747,S100WUES,2025-10-14,2026-02-28,160,4520480000.0,354472000.0,11912322000.0,17645087000.0,5732764000.0,1,0,1,
7601,S100WUBQ,2025-10-14,2026-02-28,160,2152663000.0,67362000.0,3426246000.0,4343214000.0,916967000.0,0,0,1,
135A,S100WUBO,2025-10-14,2026-02-28,160,1707000000.0,,559000000.0,2048000000.0,1489000000.0,1,0,1,
5271,S100WUAK,2025-10-14,2026-02-28,160,5256249000.0,355247000.0,10360095000.0,14566519000.0,4206423000.0,0,0,1,
2354,S100WU9V,2025-10-14,2026-02-28,160,9864121000.0,,6153113000.0,13477820000.0,7324706000.0,0,0,1,
8016,S100WU6H,2025-10-14,2026-02-28,160,84726000000.0,10169000000.0,95367000000.0,179025000000.0,83658000000.0,0,0,1,
5900,S100WU5L,2025-10-14,2026-02-28,160,9417960000.0,,2591502000.0,15842759000.0,13251256000.0,0,0,1,
5018,S100WU1P,2025-10-14,2026-02-28,160,20362000000.0,,12238000000.0,36574000000.0,24336000000.0,0,0,1,
3198,S100WTY9,2025-10-14,2025-08-31,160,6275032000.0,,4541811000.0,13503465000.0,8961654000.0,0,0,1,
2669,S100WT7K,2025-10-14,2026-02-28,160,25644424000.0,686931000.0,9180901000.0,38125546000.0,28944645000.0,1,0,1,
3387,S100WN3H,2025-10-14,2026-02-28,160,32663000000.0,,93446000000.0,139894000000.0,46448000000.0,0,0,1,
7516,S100WUOE,2025-10-10,2026-02-28,160,186789000000.0,5350000000.0,324416000000.0,496223000000.0,171807000000.0,0,0,1,
7603,S100WUNB,2025-10-10,2026-02-28,160,7720000000.0,,5488000000.0,9615000000.0,4126000000.0,1,0,1,
7811,S100WUN9,2025-10-10,2026-02-28,160,24894921000.0,,19480186000.0,40162113000.0,20681927000.0,0,0,1,
4530,S100WUM0,2025-10-10,2026-02-28,160,195096000000.0,62944000000.0,67473000000.0,336096000000.0,268622000000.0,0,0,1,
6555,S100WUKJ,2025-10-10,2026-02-28,160,1214602000.0,,795360000.0,3497373000.0,2702014000.0,0,0,1,
9740,S100WUJU,2025-10-10,2025-08-31,160,38763130000.0,4947811000.0,25622892000.0,69350816000.0,43727923000.0,0,0,1,
8008,S100WUJH,2025-10-10,2026-02-28,160,22176000000.0,21885000000.0,28785000000.0,68003000000.0,39218000000.0,0,0,1,
2698,S100WUJC,2025-10-10,2026-02-28,160,19714000000.0,,23327000000.0,34240000000.0,10912000000.0,0,0,1,
6312,S100WUJA,2025-10-10,2026-02-28,160,20659422000.0,,11510470000.0,27349766000.0,15839296000.0,0,0,1,
6086,S100WUH2,2025-10-10,2026-02-28,160,9492882000.0,,7286169000.0,11440935000.0,4154765000.0,0,0,1,
4763,S100WUGN,2025-10-10,2026-02-28,160,37604687000.0,1434278000.0,30430212000.0,47856370000.0,17426157000.0,0,0,1,
2341,S100WUGK,2025-10-10,2026-02-28,160,2144164000.0,,702626000.0,3433380000.0,2730753000.0,0,0,1,
2742,S100WUG1,2025-10-10,2026-02-28,160,37483000000.0,,59274000000.0,132754000000.0,73479000000.0,1,0,1,
9778,S100WUG0,2025-10-10,2026-02-28,160,567774000.0,,3184345000.0,6665712000.0,3481367000.0,1,0,1,
4714,S100WUFD,2025-10-10,2026-02-28,160,11172338000.0,80040000.0,10457777000.0,21396527000.0,10938750000.0,0,0,1,
8200,S100WUF7,2025-10-10,2026-02-28,160,6931720000.0,1013086000.0,16531305000.0,30465146000.0,13933840000.0,0,0,1,
7679,S100WUF2,2025-10-10,2026-02-28,160,42908000000.0,,50150000000.0,88879000000.0,38728000000.0,0,0,1,
365A,S100WUEM,2025-10-10,2026-02-28,160,3766054000.0,,4350705000.0,7982535000.0,3631830000.0,1,0,1,
3075,S100WUDO,2025-10-10,2026-02-28,160,6559485000.0,,3425852000.0,11717595000.0,8291743000.0,1,0,1,
8237,S100WUCB,2025-10-10,2026-02-28,160,18039000000.0,10130000000.0,47033000000.0,76105000000.0,29072000000.0,0,0,1,
7719,S100WUC2,2025-10-10,2026-02-28,160,3256358000.0,77610000.0,2875284000.0,4589485000.0,1714201000.0,0,0,1,
4645,S100WUC0,2025-10-10,2026-02-28,160,6979951000.0,389542000.0,11064526000.0,13756299000.0,2691773000.0,0,0,1,
9861,S100WUBW,2025-10-10,2026-02-28,160,43686000000.0,2815000000.0,58182000000.0,124581000000.0,66399000000.0,0,0,1,
7049,S100WUBF,2025-10-10,2026-02-28,160,4709728000.0,106593000.0,1481023000.0,5324446000.0,3843422000.0,0,0,1,
8918,S100WU8E,2025-10-10,2026-02-28,160,9504834000.0,45000000.0,986000000.0,9596800000.0,8610800000.0,0,0,1,
3550,S100WU7O,2025-10-10,2026-02-28,160,2504081000.0,,546178000.0,3049146000.0,2502967000.0,1,0,1,
2338,S100WU7D,2025-10-10,2026-02-28,160,1627829000.0,,1588134000.0,1655601000.0,67466000.0,0,0,1,
8244,S100WU6V,2025-10-10,2026-02-28,160,37994000000.0,5004000000.0,80398000000.0,123726000000.0,43327000000.0,0,0,1,
1712,S100WU6S,2025-10-10,2026-02-28,160,7677000000.0,,9600000000.0,29328000000.0,19728000000.0,0,0,1,
9903,S100WU4M,2025-10-10,2026-02-28,160,8811603000.0,2644296000.0,18066083000.0,24412759000.0,6346676000.0,1,0,1,
7544,S100WU47,2025-10-10,2026-02-28,160,4843000000.0,37000000.0,919000000.0,5485000000.0,4566000000.0,0,0,1,
8057,S100WU40,2025-10-10,2025-07-20,120,131642000000.0,19479000000.0,104112000000.0,174917000000.0,70805000000.0,0,0,1,
3222,S100WU35,2025-10-10,2026-02-28,160,122138000000.0,4699000000.0,188324000000.0,388747000000.0,200423000000.0,0,0,1,
9793,S100WU1N,2025-10-10,2025-08-31,160,46321000000.0,7026000000.0,20045000000.0,114239000000.0,94194000000.0,0,0,1,
6469,S100WTJU,2025-10-10,2025-08-31,160,7643910000.0,513120000.0,9182376000.0,17763720000.0,8581344000.0,0,0,1,
2687,S100WT9S,2025-10-10,2026-02-28,160,2703429000.0,226123000.0,7289798000.0,11538569000.0,4248771000.0,0,0,1,
3490,S100WUBI,2025-10-09,2026-02-28,160,17686963000.0,,14959607000.0,18361885000.0,3402277000.0,0,0,1,
6183,S100WU4W,2025-10-09,2026-02-28,160,30886000000.0,,100581000000.0,173673000000.0,73092000000.0,0,0,1,
8203,S100WU1Q,2025-10-09,2026-02-28,160,24199000000.0,,52039000000.0,89292000000.0,37252000000.0,0,0,1,
9946,S100WU0W,2025-10-09,2026-02-28,160,66127000000.0,111000000.0,55440000000.0,88809000000.0,33368000000.0,0,0,1,
3093,S100WTX0,2025-10-09,2026-02-28,160,14115000000.0,,10936000000.0,22301000000.0,11364000000.0,0,0,1,
2670,S100WTPS,2025-10-09,2026-02-28,160,335804000000.0,19468000000.0,60555000000.0,443562000000.0,383006000000.0,0,0,1,
4017,S100WRZO,2025-10-09,2026-02-28,160,3252965000.0,,2421034000.0,3549830000.0,1128795000.0,0,0,1,
3050,S100WTWF,2025-10-08,2026-02-28,160,274461000000.0,49408000000.0,358882000000.0,641786000000.0,282904000000.0,0,0,1,
7812,S100WQQN,2025-09-25,2025-06-30,120,10304049000.0,105547000.0,8852959000.0,17784364000.0,8931404000.0,0,0,1,
8940,S100WL3S,2025-08-26,2025-05-31,120,35579980000.0,1119950000.0,39041368000.0,52663315000.0,13621947000.0,0,0,1,株式会社インテリックス
3053,S100WJGT,2025-08-14,2025-12-31,160,3340000000.0,,2409000000.0,5732000000.0,3322000000.0,1,0,1,株式会社ペッパーフードサービス
3758,S100WJGN,2025-08-14,2025-12-31,160,16024000000.0,994000000.0,11416000000.0,20123000000.0,8707000000.0,0,0,1,株式会社アエリア
6081,S100WJGA,2025-08-14,2025-12-31,160,2334386000.0,263273000.0,1210266000.0,3109722000.0,1899456000.0,0,0,1,アライドアーキテクツ株式会社
5255,S100WJFZ,2025-08-14,2025-06-30,160,5431517000.0,,8489110000.0,9723918000.0,1234807000.0,0,0,1,株式会社モンスターラボ
3196,S100WJFS,2025-08-14,2025-12-31,160,11131270000.0,,17373033000.0,29357588000.0,11984554000.0,0,0,1,株式会社ホットランドホールディングス
6721,S100WJFB,2025-08-14,2025-12-31,160,1193345000.0,,309612000.0,1216935000.0,907322000.0,0,0,1,ウインテスト株式会社
4481,S100WJF3,2025-08-14,2025-12-31,160,16319149000.0,1013403000.0,3358226000.0,17911593000.0,14553366000.0,0,0,1,ベース株式会社
7793,S100WJE6,2025-08-14,2025-12-31,160,1835371000.0,,1238253000.0,3088678000.0,1850424000.0,1,0,1,株式会社イメージ・マジック
7093,S100WJE0,2025-08-14,2025-12-31,160,1043437000.0,,788807000.0,1227936000.0,439128000.0,0,0,1,アディッシュ株式会社
7048,S100WJDZ,2025-08-14,2025-12-31,160,8123321000.0,,6245154000.0,8951838000.0,2706683000.0,0,0,1,ベルトラ株式会社
290A,S100WJDW,2025-08-14,2025-12-31,160,11732208000.0,,7869204000.0,27058973000.0,19189769000.0,0,0,1,株式会社Ｓｙｎｓｐｅｃｔｉｖｅ
5591,S100WJDQ,2025-08-14,2025-12-31,160,869790000.0,,617280000.0,1272788000.0,655507000.0,0,0,1,株式会社ＡＶＩＬＥＮ
4395,S100WJDN,2025-08-14,2025-12-31,160,3037106000.0,,1672992000.0,4542825000.0,2869833000.0,0,0,1,株式会社アクリート
153A,S100WJDK,2025-08-14,2025-12-31,160,2003885000.0,,745175000.0,2214336000.0,1469160000.0,1,0,1,株式会社カウリス
7354,S100WJD6,2025-08-14,2025-12-31,160,8629795000.0,,10939509000.0,25333934000.0,14394425000.0,0,0,1,株式会社ダイレクトマーケティングミックス
5039,S100WJCT,2025-08-14,2025-12-31,160,975360000.0,,170065000.0,1038378000.0,868312000.0,1,0,1,株式会社キットアライブ
6071,S100WJCO,2025-08-14,2025-12-31,160,9052899000.0,3115847000.0,11364441000.0,21286811000.0,9922370000.0,0,0,1,株式会社ＩＢＪ
2160,S100WJCL,2025-08-14,2025-12-31,160,27422138000.0,,29408573000.0,67722176000.0,38313602000.0,0,0,1,株式会社ジーエヌアイグループ
6232,S100WJCJ,2025-08-14,2025-12-31,160,3868894000.0,183733000.0,3924863000.0,4470980000.0,546117000.0,0,0,1,株式会社ＡＣＳＬ
9211,S100WJC3,2025-08-14,2025-12-31,160,9960217000.0,,19755280000.0,25838300000.0,6083020000.0,0,0,1,株式会社エフ・コード
3681,S100WJBW,2025-08-14,2025-12-31,160,4455904000.0,370622000.0,9693540000.0,10944365000.0,1250824000.0,0,0,1,株式会社ブイキューブ
9213,S100WJBO,2025-08-14,2025-12-31,160,1217436000.0,18346000.0,599075000.0,1633196000.0,1034121000.0,0,0,1,株式会社セイファート
6291,S100WJB6,2025-08-14,2025-12-31,160,12357139000.0,,4484832000.0,19091404000.0,14606572000.0,1,0,1,日本エアーテック株式会社
3765,S100WJ8W,2025-08-14,2025-12-31,160,153074000000.0,,20217000000.0,168581000000.0,148364000000.0,0,0,1,ガンホー・オンライン・エンターテイメント株式会社
3997,S100WJ89,2025-08-14,2025-12-31,160,1848901000.0,203900000.0,2040148000.0,3718011000.0,1677863000.0,0,0,1,株式会社トレードワークス
9218,S100WJ85,2025-08-14,2025-12-31,160,1677472000.0,58026000.0,3197868000.0,4657244000.0,1459376000.0,0,0,1,株式会社メンタルヘルステクノロジーズ
9449,S100WJ7Z,2025-08-14,2025-12-31,160,1894250000000.0,62984000000.0,1904381000000.0,2095484000000.0,191102000000.0,0,0,1,ＧＭＯインターネットグループ株式会社
4019,S100WJ7R,2025-08-14,2025-12-31,160,1302525000.0,,747471000.0,2138877000.0,1391406000.0,0,0,1,株式会社スタメン
3775,S100WJ7O,2025-08-14,2025-06-30,160,2126154000.0,,1036490000.0,2302503000.0,1266012000.0,0,0,1,株式会社ガイアックス
4379,S100WJ7F,2025-08-14,2025-12-31,160,2128830000.0,,1286748000.0,3664488000.0,2377740000.0,0,0,1,株式会社Ｐｈｏｔｏｓｙｎｔｈ
3727,S100WJ7E,2025-08-14,2025-12-31,160,1771237000.0,,1158386000.0,3741490000.0,2583103000.0,0,0,1,株式会社アプリックス
9160,S100WJ7B,2025-08-14,2025-12-31,160,3245037000.0,,25436357000.0,34520653000.0,9084296000.0,0,0,1,株式会社ノバレーゼ
4892,S100WJ74,2025-08-14,2025-12-31,160,2863566000.0,,901888000.0,3232337000.0,2330448000.0,1,0,1,株式会社サイフューズ
3623,S100WJ73,2025-08-14,2025-12-31,160,33941176000.0,,31339700000.0,34409185000.0,3069484000.0,0,0,1,ビリングシステム株式会社
2150,S100WJ6L,2025-08-14,2025-12-31,160,9858891000.0,,2655669000.0,13277059000.0,10621390000.0,0,0,1,株式会社ケアネット
5588,S100WJ6K,2025-08-14,2025-12-31,160,1945899000.0,,1104898000.0,2630022000.0,1525123000.0,1,0,1,ファーストアカウンティング株式会社
5070,S100WJ6I,2025-08-14,2025-12-31,160,3583483000.0,,3093031000.0,6541885000.0,3448853000.0,0,0,1,株式会社ドラフト
4428,S100WJ6H,2025-08-14,2025-12-31,160,1108457000.0,,453691000.0,2297092000.0,1843401000.0,1,0,1,株式会社シノプス
130A,S100WJ68,2025-08-14,2025-12-31,160,2057569000.0,,45835000.0,2070935000.0,2025099000.0,1,0,1,株式会社Ｖｅｒｉｔａｓ　Ｉｎ　Ｓｉｌｉｃｏ
4579,S100WJ66,2025-08-14,2025-12-31,160,4908939000.0,569978000.0,3649210000.0,9936140000.0,6286929000.0,0,0,1,ラクオリア創薬株式会社
149A,S100WJ5V,2025-08-14,2025-12-31,160,1116183000.0,,229302000.0,1249716000.0,1020413000.0,1,0,1,株式会社シンカ
4881,S100WJ5T,2025-08-14,2025-12-31,160,2569220000.0,29970000.0,538784000.0,3013452000.0,2474668000.0,0,0,1,株式会社ファンペップ
3909,S100WJ5O,2025-08-14,2026-03-31,160,2110964000.0,335591000.0,767054000.0,2703015000.0,1935961000.0,0,0,1,株式会社ショーケース
7776,S100WJ5L,2025-08-14,2025-12-31,160,1777868000.0,,400141000.0,1912989000.0,1512848000.0,1,0,1,株式会社セルシード
3197,S100WJ5H,2025-08-14,2025-12-31,160,43846000000.0,,305120000000.0,483847000000.0,178727000000.0,0,0,1,株式会社すかいらーくホールディングス
3319,S100WJ4T,2025-08-14,2025-12-31,160,15010697000.0,,44681369000.0,42780390000.0,-1900978000.0,0,0,1,株式会社ゴルフダイジェスト・オンライン
4180,S100WJ4O,2025-08-14,2025-12-31,160,31982000000.0,,21362000000.0,53660000000.0,32298000000.0,0,0,1,Ａｐｐｉｅｒ　Ｇｒｏｕｐ株式会社
4168,S100WJ4L,2025-08-14,2025-12-31,160,3034706000.0,,1768540000.0,4282022000.0,2513481000.0,1,0,1,株式会社ヤプリ
9612,S100WJ4G,2025-08-14,2025-12-31,160,19865000000.0,73000000.0,16722000000.0,26994000000.0,10271000000.0,0,0,1,株式会社ラックランド
6034,S100WJ46,2025-08-14,2025-12-31,160,3070251000.0,,1788797000.0,6286495000.0,4497698000.0,0,0,1,ＭＲＴ株式会社
4596,S100WJ44,2025-08-14,2025-12-31,160,1202201000.0,,125969000.0,1212637000.0,1086668000.0,0,0,1,窪田製薬ホールディングス株式会社
146A,S100WJ3B,2025-08-14,2025-12-31,160,48503000000.0,111000000.0,48930000000.0,61334000000.0,12403000000.0,0,0,1,コロンビア・ワークス株式会社
4011,S100WJ33,2025-08-14,2025-12-31,160,1363290000.0,,448057000.0,1662934000.0,1214877000.0,0,0,1,株式会社ヘッドウォータース
4482,S100WJ2Y,2025-08-14,2025-12-31,160,3155710000.0,,1965829000.0,4202076000.0,2236246000.0,0,0,1,株式会社ウィルズ
3474,S100WJ2U,2025-08-14,2025-12-31,160,1856890000.0,,2812421000.0,4155692000.0,1343271000.0,0,0,1,Ｇ－ＦＡＣＴＯＲＹ株式会社
3719,S100WJ2T,2025-08-14,2025-12-31,160,2663175000.0,,1064046000.0,2720557000.0,1656510000.0,1,0,1,ＡＩストーム株式会社
4480,S100WJ2N,2025-08-14,2025-12-31,160,20276000000.0,,29356000000.0,47422000000.0,18065000000.0,0,0,1,株式会社メドレー
5619,S100WJ2K,2025-08-14,2025-12-31,160,1971978000.0,,195484000.0,2183230000.0,1987746000.0,0,0,1,マーソ株式会社
6592,S100WJ2G,2025-08-14,2025-12-31,160,223648000000.0,12908000000.0,30393000000.0,334028000000.0,303635000000.0,0,0,1,マブチモーター株式会社
4377,S100WJ2E,2025-08-14,2025-12-31,160,6830508000.0,194024000.0,3161121000.0,8070487000.0,4909366000.0,1,0,1,株式会社ワンキャリア
5027,S100WJ24,2025-08-14,2025-12-31,160,23901000000.0,,19608000000.0,35926000000.0,16318000000.0,0,0,1,ＡｎｙＭｉｎｄ　Ｇｒｏｕｐ株式会社
2215,S100WJ21,2025-08-14,2025-12-31,160,7000000000.0,16000000.0,6823000000.0,14952000000.0,8128000000.0,0,0,1,第一屋製パン株式会社
7359,S100WJ20,2025-08-14,2025-12-31,160,1847874000.0,,2913960000.0,3712007000.0,798046000.0,0,0,1,株式会社東京通信グループ
4235,S100WJ1S,2025-08-14,2025-06-30,160,10457000000.0,,21035000000.0,37263000000.0,16228000000.0,0,0,1,ウルトラファブリックス・ホールディングス株式会社
4487,S100WJ1O,2025-08-14,2025-12-31,160,2257712000.0,,2292038000.0,3153123000.0,861084000.0,0,0,1,株式会社スペースマーケット
5240,S100WJ1G,2025-08-14,2025-12-31,160,1651614000.0,,201110000.0,1715166000.0,1514056000.0,0,0,1,ｍｏｎｏＡＩ　ｔｅｃｈｎｏｌｏｇｙ株式会社
4020,S100WJ1B,2025-08-14,2025-12-31,160,673580000.0,,91964000.0,952446000.0,860481000.0,1,0,1,ビートレンド株式会社
3807,S100WJ19,2025-08-14,2025-06-30,160,292637000.0,1680794000.0,1543045000.0,2033071000.0,490025000.0,1,0,1,株式会社フィスコ
4450,S100WJ0T,2025-08-14,2025-12-31,160,4121795000.0,445587000.0,2212286000.0,5752866000.0,3540579000.0,0,0,1,株式会社パワーソリューションズ
4324,S100WJ0B,2025-08-14,2025-12-31,160,1999886000000.0,,2499058000000.0,3149136000000.0,650078000000.0,0,0,1,株式会社電通グループ
4261,S100WJ09,2025-08-14,2025-12-31,160,2252304000.0,,949873000.0,2775536000.0,1825662000.0,0,0,1,アジアクエスト株式会社
5616,S100WJ04,2025-08-14,2025-12-31,160,718301000.0,15000000.0,531317000.0,835589000.0,304272000.0,1,0,1,株式会社雨風太陽
2743,S100WIZX,2025-08-14,2025-12-31,160,587626000.0,1228000.0,1931068000.0,1791342000.0,-139725000.0,0,0,1,ピクセルカンパニーズ株式会社
3138,S100WIZV,2025-08-14,2025-12-31,160,4925365000.0,,3260434000.0,5748644000.0,2488209000.0,0,0,1,株式会社富士山マガジンサービス
6376,S100WIZS,2025-08-14,2025-12-31,160,167027000000.0,,169507000000.0,313291000000.0,143784000000.0,0,0,1,日機装株式会社
5242,S100WIZ8,2025-08-14,2025-12-31,160,743068000.0,,230787000.0,896581000.0,665794000.0,1,0,1,株式会社アイズ
6177,S100WIZ7,2025-08-14,2025-12-31,160,251123000.0,,116983000.0,256969000.0,139986000.0,1,0,1,ＡｐｐＢａｎｋ株式会社
6561,S100WIZ5,2025-08-14,2025-12-31,160,4116105000.0,,6275384000.0,10187383000.0,3911998000.0,0,0,1,株式会社ＨＡＮＡＴＯＵＲ　ＪＡＰＡＮ
5038,S100WIZ0,2025-08-14,2025-12-31,160,2898318000.0,,701160000.0,3523644000.0,2822484000.0,1,0,1,株式会社ｅＷｅＬＬ
4476,S100WIYU,2025-08-14,2025-12-31,160,2090549000.0,,534421000.0,2329065000.0,1794643000.0,0,0,1,ＡＩ　ＣＲＯＳＳ株式会社
6560,S100WIYR,2025-08-14,2025-12-31,160,6651000000.0,453000000.0,5078000000.0,9716000000.0,4637000000.0,0,0,1,株式会社エル・ティー・エス
9345,S100WIYI,2025-08-14,2025-12-31,160,1761764000.0,,826504000.0,2599613000.0,1773108000.0,0,0,1,ビズメイツ株式会社
4248,S100WIYH,2025-08-14,2025-12-31,160,9984141000.0,,5315432000.0,16790056000.0,11474623000.0,0,0,1,竹本容器株式会社
4576,S100WIYF,2025-08-14,2025-12-31,160,1340956000.0,,628892000.0,1513457000.0,884565000.0,0,0,1,株式会社デ・ウエスタン・セラピテクス研究所
2721,S100WIYE,2025-08-14,2025-12-31,160,311839000.0,,442602000.0,513317000.0,70714000.0,0,0,1,株式会社ジェイホールディングス
9561,S100WIY3,2025-08-14,2025-12-31,160,1977824000.0,83168000.0,1516723000.0,2215754000.0,699031000.0,1,0,1,株式会社グラッドキューブ
3911,S100WIXA,2025-08-14,2025-12-31,160,6811958000.0,,1900304000.0,8666578000.0,6766274000.0,0,0,1,株式会社Ａｉｍｉｎｇ
4811,S100WIX1,2025-08-14,2025-12-31,160,4936486000.0,,3032014000.0,5653369000.0,2621355000.0,0,0,1,株式会社ドリーム・アーツ
3452,S100WIWS,2025-08-14,2025-12-31,160,88599000000.0,,81481000000.0,100057000000.0,18576000000.0,0,0,1,株式会社ビーロット
9246,S100WIWR,2025-08-14,2025-12-31,160,3165895000.0,15550000.0,2817567000.0,4957882000.0,2140315000.0,0,0,1,株式会社プロジェクトホールディングス
6361,S100WIVX,2025-08-14,2025-12-31,160,658079000000.0,,501050000000.0,991823000000.0,490773000000.0,0,0,1,株式会社荏原製作所
3777,S100WIVL,2025-08-14,2025-06-30,160,3204392000.0,,212074000.0,3671465000.0,3459390000.0,0,0,1,株式会社環境フレンドリーホールディングス
3981,S100WIUL,2025-08-14,2025-12-31,160,7775189000.0,,8550664000.0,16132057000.0,7581393000.0,0,0,1,株式会社ビーグリー
286A,S100WIUD,2025-08-14,2025-12-31,160,22964967000.0,,41478863000.0,61219646000.0,19740782000.0,0,0,1,株式会社ユカリア
4449,S100WITB,2025-08-14,2025-12-31,160,31197000000.0,4062000000.0,32134000000.0,40850000000.0,8716000000.0,0,0,1,株式会社ギフティ
4486,S100WISY,2025-08-14,2025-12-31,160,2787888000.0,16246000.0,952117000.0,3093532000.0,2141414000.0,1,0,1,ユナイトアンドグロウ株式会社
4438,S100WISC,2025-08-14,2025-06-30,160,715020000.0,,365434000.0,966271000.0,600836000.0,0,0,1,株式会社Ｗｅｌｂｙ
6835,S100WIRU,2025-08-14,2025-12-31,160,33900267000.0,,25564519000.0,44009757000.0,18445238000.0,0,0,1,アライドテレシスホールディングス株式会社
6573,S100WIRM,2025-08-14,2025-12-31,160,554112000.0,127890000.0,237605000.0,771783000.0,534177000.0,0,0,1,アジャイルメディア・ネットワーク株式会社
9702,S100WIQE,2025-08-14,2025-12-31,160,16018000000.0,629000000.0,6769000000.0,20474000000.0,13704000000.0,0,0,1,株式会社アイ・エス・ビー
7782,S100WIQ7,2025-08-14,2025-12-31,160,4596871000.0,,2712240000.0,5401440000.0,2689200000.0,0,0,1,株式会社シンシア
2499,S100WIQ0,2025-08-14,2025-12-31,160,8615082000.0,,5292061000.0,8889642000.0,3597581000.0,0,0,1,日本和装ホールディングス株式会社
319A,S100WIPE,2025-08-14,2025-12-31,160,9597000000.0,456000000.0,11739000000.0,17808000000.0,6069000000.0,0,0,1,株式会社技術承継機構
4170,S100WION,2025-08-14,2025-12-31,160,3457241000.0,134242000.0,1338461000.0,4213797000.0,2875335000.0,0,0,1,株式会社Ｋａｉｚｅｎ　Ｐｌａｔｆｏｒｍ
6054,S100WIO5,2025-08-14,2025-12-31,160,4562989000.0,,673592000.0,4680363000.0,4006770000.0,0,0,1,株式会社リブセンス
7362,S100WINO,2025-08-14,2025-12-31,160,1600297000.0,,3995206000.0,5316537000.0,1321330000.0,0,0,1,株式会社Ｔ．Ｓ．Ｉ
7044,S100WILS,2025-08-14,2025-12-31,160,3537171000.0,174838000.0,3426851000.0,4127604000.0,700752000.0,0,0,1,株式会社ピアラ
3983,S100WIKZ,2025-08-14,2025-12-31,160,11552012000.0,,3139986000.0,12993175000.0,9853188000.0,0,0,1,株式会社オロ
4251,S100WIIW,2025-08-14,2025-12-31,160,16275530000.0,158578000.0,8124624000.0,29967486000.0,21842862000.0,0,0,1,恵和株式会社
3252,S100WIIP,2025-08-14,2025-12-31,160,92462000000.0,3147000000.0,68944000000.0,115400000000.0,46455000000.0,0,0,1,地主株式会社
4766,S100WI6M,2025-08-14,2025-12-31,160,1054121000.0,,828956000.0,1306451000.0,477495000.0,0,0,1,株式会社ピーエイ
9704,S100WHX0,2025-08-14,2025-12-31,160,5721645000.0,101884000.0,13398670000.0,20825636000.0,7426965000.0,0,0,1,株式会社アゴーラホスピタリティーグループ
3928,S100WGKK,2025-08-14,2025-12-31,160,3680903000.0,215611000.0,2987269000.0,4691615000.0,1704346000.0,0,0,1,株式会社マイネット
5618,S100WIZK,2025-08-13,2025-12-31,160,2424072000.0,,2497043000.0,2979388000.0,482344000.0,0,0,1,ナイル株式会社
9338,S100WIXP,2025-08-13,2025-12-31,160,11779888000.0,,14752400000.0,20799800000.0,6047400000.0,0,0,1,株式会社ＩＮＦＯＲＩＣＨ
338A,S100WIX8,2025-08-13,2025-12-31,160,882024000.0,,307554000.0,951037000.0,643482000.0,1,0,1,株式会社ＺｅｎｍｕＴｅｃｈ
2436,S100WIWO,2025-08-13,2025-12-31,160,4827179000.0,121460000.0,1781788000.0,5871259000.0,4089470000.0,0,0,1,共同ピーアール株式会社
8946,S100WIWF,2025-08-13,2025-12-31,160,2368803000.0,,1254761000.0,3435702000.0,2180941000.0,0,0,1,株式会社ＡＳＩＡＮ　ＳＴＡＲ
9337,S100WIVT,2025-08-13,2025-12-31,160,4398597000.0,,4288990000.0,6044121000.0,1755130000.0,0,0,1,株式会社トリドリ
9271,S100WIVA,2025-08-13,2025-12-31,160,928048000.0,,692651000.0,1529490000.0,836839000.0,0,0,1,株式会社和心
9386,S100WIV5,2025-08-13,2025-12-31,160,13469516000.0,,7601170000.0,26893762000.0,19292592000.0,0,0,1,日本コンセプト株式会社
9399,S100WIU9,2025-08-13,2025-12-31,160,4736000.0,16436000.0,16408000.0,30744000.0,14337000.0,0,0,1,ビート・ホールディングス・リミテッド　（貝德控股有限公司、Ｂｅａｔ　Ｈｏｌｄｉｎｇｓ　Ｌｉｍｉｔｅｄ）
2492,S100WIU4,2025-08-13,2025-12-31,160,8687010000.0,436517000.0,5175704000.0,16785632000.0,11609927000.0,0,0,1,株式会社インフォマート
9973,S100WITF,2025-08-13,2025-12-31,160,2687640000.0,16010000.0,4711163000.0,5153725000.0,442561000.0,0,0,1,ＫＯＺＯホールディングス株式会社
4056,S100WISV,2025-08-13,2025-12-31,160,1559028000.0,157215000.0,2359744000.0,2953409000.0,593665000.0,0,0,1,ニューラルグループ株式会社
7936,S100WISL,2025-08-13,2025-12-31,160,388255000000.0,3310000000.0,296504000000.0,539717000000.0,243213000000.0,0,0,1,株式会社アシックス
6063,S100WIRZ,2025-08-13,2025-12-31,160,3630733000.0,,2081969000.0,3853789000.0,1771820000.0,0,0,1,日本エマージェンシーアシスタンス株式会社
3445,S100WIQT,2025-08-13,2025-12-31,160,111543000000.0,15652000000.0,40743000000.0,173178000000.0,132435000000.0,0,0,1,株式会社ＲＳ　Ｔｅｃｈｎｏｌｏｇｉｅｓ
9214,S100WIQJ,2025-08-13,2025-12-31,160,1133681000.0,,552126000.0,1296041000.0,743914000.0,0,0,1,Ｒｅｃｏｖｅｒｙ　Ｉｎｔｅｒｎａｔｉｏｎａｌ株式会社
9621,S100WIPY,2025-08-13,2025-12-31,160,57291000000.0,,24737000000.0,87917000000.0,63180000000.0,0,0,1,株式会社建設技術研究所
9757,S100WIPW,2025-08-13,2025-06-30,160,20160652000.0,1887043000.0,6819381000.0,31789065000.0,24969684000.0,0,0,1,株式会社船井総研ホールディングス
4371,S100WIPA,2025-08-13,2025-12-31,160,5895139000.0,,3004060000.0,7966340000.0,4962280000.0,0,0,1,株式会社コアコンセプト・テクノロジー
2330,S100WIOA,2025-08-13,2025-12-31,160,4571844000.0,176469000.0,2649957000.0,5452295000.0,2802338000.0,0,0,1,株式会社フォーサイド
281A,S100WIO2,2025-08-13,2025-12-31,160,805516000.0,,754205000.0,1822523000.0,1068318000.0,0,0,1,インフォメティス株式会社
3696,S100WINM,2025-08-13,2025-12-31,160,22050547000.0,,19597060000.0,32283285000.0,12686225000.0,0,0,1,株式会社セレス
3968,S100WINL,2025-08-13,2025-12-31,160,12782788000.0,1605269000.0,12610992000.0,16913842000.0,4302850000.0,0,0,1,セグエグループ株式会社
5035,S100WIN8,2025-08-13,2025-12-31,160,2999999000.0,,1682163000.0,4824280000.0,3142117000.0,0,0,1,ＨＯＵＳＥＩ株式会社
3001,S100WIM3,2025-08-13,2025-12-31,160,55318000000.0,32656000000.0,47979000000.0,137110000000.0,89130000000.0,0,0,1,片倉工業株式会社
7039,S100WIM2,2025-08-13,2025-06-30,160,4927525000.0,,1555391000.0,6248892000.0,4693501000.0,0,0,1,ブリッジインターナショナル株式会社
3695,S100WILZ,2025-08-13,2025-12-31,160,3039908000.0,,1581379000.0,3835001000.0,2253622000.0,0,0,1,ＧＭＯリサーチ＆ＡＩ株式会社
5214,S100WIL5,2025-08-13,2025-12-31,160,271435000000.0,,195588000000.0,658931000000.0,463342000000.0,0,0,1,日本電気硝子株式会社
6694,S100WIJ7,2025-08-13,2025-12-31,160,14012472000.0,,10888122000.0,18840554000.0,7952431000.0,0,0,1,株式会社ズーム
9830,S100WIIS,2025-08-13,2025-12-31,160,160041000000.0,2610000000.0,118451000000.0,298206000000.0,179755000000.0,0,0,1,トラスコ中山株式会社
3350,S100WIHS,2025-08-13,2025-12-31,160,28507000000.0,,37213000000.0,238214000000.0,201001000000.0,0,0,1,株式会社メタプラネット
7718,S100WIHM,2025-08-13,2025-12-31,160,85461761000.0,1149830000.0,16899077000.0,114602340000.0,97703263000.0,0,0,1,スター精密株式会社
3902,S100WIH9,2025-08-13,2025-12-31,160,3100025000.0,454473000.0,1796675000.0,4628573000.0,2831898000.0,0,0,1,メディカル・データ・ビジョン株式会社
7625,S100WIGX,2025-08-13,2025-12-31,160,1643430000.0,,4796102000.0,9989025000.0,5192923000.0,0,0,1,株式会社グローバルダイニング
3663,S100WIFL,2025-08-13,2025-12-31,160,6455162000.0,446016000.0,2839314000.0,8393398000.0,5554084000.0,1,0,1,株式会社セルシス
4264,S100WIFG,2025-08-13,2025-12-31,160,4048740000.0,208904000.0,2210724000.0,4995947000.0,2785223000.0,0,0,1,株式会社セキュア
6977,S100WIDP,2025-08-13,2025-12-31,160,5244212000.0,353086000.0,5754466000.0,7409745000.0,1655279000.0,0,0,1,株式会社日本抵抗器製作所
6459,S100WICR,2025-08-13,2025-12-31,160,68491876000.0,575336000.0,23672510000.0,92727033000.0,69054523000.0,1,0,1,大和冷機工業株式会社
9173,S100WIC3,2025-08-13,2025-12-31,160,7119946000.0,665903000.0,15691851000.0,21707331000.0,6015479000.0,0,0,1,東海汽船株式会社
1663,S100WIB8,2025-08-13,2025-12-31,160,49738000000.0,17943000000.0,17680000000.0,122264000000.0,104583000000.0,0,0,1,Ｋ＆Ｏエナジーグループ株式会社
9656,S100WI9Q,2025-08-13,2025-12-31,160,719438000.0,366203000.0,8840740000.0,19122952000.0,10282212000.0,0,0,1,グリーンランドリゾート株式会社
3416,S100WI5E,2025-08-13,2025-12-31,160,2245324000.0,,1192171000.0,2338137000.0,1145966000.0,0,0,1,ピクスタ株式会社
7833,S100WHY7,2025-08-13,2025-12-31,160,5563326000.0,,1109262000.0,6858876000.0,5749614000.0,0,0,1,株式会社アイフィスジャパン
4848,S100WHBE,2025-08-13,2025-12-31,160,22056000000.0,2537000000.0,12882000000.0,42825000000.0,29943000000.0,0,0,1,株式会社フルキャストホールディングス
7347,S100WG7H,2025-08-13,2025-12-31,160,18034807000.0,284027000.0,2067369000.0,19118551000.0,17051182000.0,0,0,1,株式会社マーキュリアホールディングス
4784,S100WIKK,2025-08-12,2025-12-31,160,31670000000.0,1053000000.0,36012000000.0,49370000000.0,13357000000.0,0,0,1,ＧＭＯインターネット株式会社
6171,S100WIE0,2025-08-12,2025-12-31,160,3987115000.0,374944000.0,2152328000.0,7087985000.0,4935657000.0,0,0,1,株式会社土木管理総合試験所
3302,S100WHWI,2025-08-12,2025-12-31,160,37576757000.0,31037998000.0,14726425000.0,81766482000.0,67040057000.0,0,0,1,帝国繊維株式会社
5819,S100WHJ4,2025-08-12,2025-12-31,160,13907223000.0,2137229000.0,1564879000.0,19882474000.0,18317595000.0,0,0,1,カナレ電気株式会社
7638,S100W9WJ,2025-06-30,2025-03-31,120,17548747000.0,1128000.0,16656214000.0,27328584000.0,10672369000.0,0,0,1,株式会社ＮＥＷ　ＡＲＴ　ＨＯＬＤＩＮＧＳ
6550,S100W9WE,2025-06-30,2025-03-31,120,1260862000.0,,897170000.0,1303246000.0,406075000.0,1,0,1,Ｕｎｉｐｏｓ株式会社
6380,S100W9U3,2025-06-30,2025-03-31,120,2665127000.0,223958000.0,3274464000.0,5130333000.0,1855868000.0,0,0,1,オリエンタルチエン工業株式会社
4256,S100W9RA,2025-06-30,2025-03-31,120,2282370000.0,,1548479000.0,4863708000.0,3315228000.0,0,0,1,株式会社サインド
291A,S100W9R3,2025-06-30,2025-03-31,120,1583600000.0,119493000.0,349369000.0,1760669000.0,1411299000.0,1,0,1,株式会社リスキル
7058,S100W9QB,2025-06-30,2025-03-31,120,3468011000.0,85465000.0,1820441000.0,6352767000.0,4532325000.0,0,0,1,共栄セキュリティーサービス株式会社
9635,S100W9PP,2025-06-30,2025-03-31,120,950481000.0,447628000.0,2456283000.0,6071578000.0,3615295000.0,0,0,1,武蔵野興業株式会社
7078,S100W9O2,2025-06-30,2025-03-31,120,2747970000.0,189121000.0,1633878000.0,3763104000.0,2129225000.0,0,0,1,ＩＮＣＬＵＳＩＶＥ株式会社
1914,S100W9NY,2025-06-30,2025-03-31,120,12560958000.0,5452850000.0,8826398000.0,31779665000.0,22953266000.0,0,0,1,日本基礎技術株式会社
2586,S100W9NQ,2025-06-30,2025-03-31,120,3404526000.0,,592017000.0,3547978000.0,2955961000.0,1,0,1,株式会社フルッタフルッタ
7368,S100W9NG,2025-06-30,2025-03-31,120,7511085000.0,84066000.0,6597340000.0,14461382000.0,7864042000.0,1,0,1,表示灯株式会社
2903,S100W9LZ,2025-06-30,2025-03-31,120,13198000000.0,0.0,14547000000.0,29684000000.0,15136000000.0,0,0,1,シノブフーズ株式会社
5856,S100W9LX,2025-06-30,2025-03-31,120,5348661000.0,4419000.0,3273481000.0,6206589000.0,2933107000.0,0,0,1,株式会社エルアイイーエイチ
3694,S100W9KA,2025-06-30,2025-03-31,120,5476085000.0,647188000.0,2574787000.0,11094073000.0,8519286000.0,0,0,1,株式会社オプティム
9362,S100W9IY,2025-06-30,2025-03-31,120,3907000000.0,2078000000.0,7693000000.0,12546000000.0,4853000000.0,1,0,1,兵機海運株式会社
2138,S100W9H3,2025-06-30,2025-03-31,120,12775565000.0,3656678000.0,20202911000.0,29530166000.0,9327255000.0,0,0,1,クルーズ株式会社
9220,S100W9FS,2025-06-30,2025-03-31,120,3845844000.0,48765000.0,5217361000.0,8858939000.0,3641578000.0,0,0,1,エフビー介護サービス株式会社
6867,S100W9EN,2025-06-30,2025-03-31,120,3571280000.0,155508000.0,1327788000.0,4531263000.0,3203475000.0,0,0,1,リーダー電子株式会社
6358,S100W9E1,2025-06-30,2025-03-31,120,26611283000.0,5661936000.0,12494096000.0,42624601000.0,30130504000.0,0,0,1,酒井重工業株式会社
9633,S100W9CX,2025-06-30,2025-03-31,120,8879876000.0,3378265000.0,13352408000.0,28907837000.0,15555428000.0,0,0,1,東京テアトル株式会社
4484,S100W9CA,2025-06-30,2025-03-31,120,2491517000.0,,1922214000.0,3280733000.0,1358518000.0,0,0,1,ランサーズ株式会社
5247,S100W9C9,2025-06-30,2025-03-31,120,1488783000.0,,920598000.0,1580119000.0,659520000.0,0,0,1,株式会社ＢＴＭ
7851,S100W9C5,2025-06-30,2025-03-31,120,1635638000.0,589732000.0,1031822000.0,3421763000.0,2389941000.0,1,0,1,カワセコンピュータサプライ株式会社
4629,S100W992,2025-06-30,2025-03-31,120,19439967000.0,543913000.0,8675993000.0,25196175000.0,16520182000.0,0,0,1,大伸化学株式会社
7502,S100W98P,2025-06-30,2025-03-31,120,7389239000.0,46183000.0,9404247000.0,11624447000.0,2220199000.0,0,0,1,株式会社プラザホールディングス
1380,S100W98M,2025-06-30,2025-03-31,120,2933981000.0,118784000.0,4939243000.0,7126124000.0,2186880000.0,0,0,1,株式会社秋川牧園
7414,S100W97U,2025-06-30,2025-03-31,120,112648000000.0,3032000000.0,105256000000.0,203530000000.0,98273000000.0,0,0,1,小野建株式会社
7079,S100W96N,2025-06-30,2025-03-31,120,4895010000.0,,1289591000.0,5585615000.0,4296023000.0,1,0,1,ＷＤＢココ株式会社
2467,S100W96H,2025-06-30,2025-03-31,120,721317000.0,498975000.0,768791000.0,1305131000.0,536339000.0,0,0,1,株式会社バルクホールディングス
1930,S100W966,2025-06-30,2025-03-31,120,39658000000.0,1366000000.0,16814000000.0,60707000000.0,43893000000.0,0,0,1,北陸電気工事株式会社
6134,S100W95P,2025-06-30,2025-03-31,120,155427000000.0,20962000000.0,25606000000.0,244289000000.0,218682000000.0,0,0,1,株式会社ＦＵＪＩ
6346,S100W95I,2025-06-30,2025-03-31,120,10497859000.0,1520989000.0,2231750000.0,14518193000.0,12286443000.0,1,0,1,キクカワエンタープライズ株式会社
7416,S100W946,2025-06-30,2025-03-31,120,23503388000.0,567654000.0,19283558000.0,43449551000.0,24165992000.0,0,0,1,株式会社はるやまホールディングス
6293,S100W93Z,2025-06-30,2025-03-31,120,60491000000.0,2181000000.0,44583000000.0,86479000000.0,41896000000.0,0,0,1,日精樹脂工業株式会社
6837,S100W92F,2025-06-30,2025-03-31,120,15834000000.0,592000000.0,14654000000.0,24754000000.0,10100000000.0,0,0,1,株式会社京写
2654,S100W926,2025-06-30,2025-03-31,120,8158413000.0,1000.0,2685096000.0,9325971000.0,6640874000.0,0,0,1,株式会社アスモ
7464,S100W91H,2025-06-30,2025-03-31,120,7991334000.0,503752000.0,5197145000.0,12422219000.0,7225074000.0,0,0,1,セフテック株式会社
7114,S100W917,2025-06-30,2025-03-31,120,2893110000.0,,925321000.0,3217623000.0,2292302000.0,0,0,1,株式会社フーディソン
330A,S100W90Q,2025-06-30,2025-03-31,120,993983000.0,,700779000.0,1162629000.0,461850000.0,1,0,1,株式会社ＴａｌｅｎｔＸ
4301,S100W907,2025-06-30,2025-03-31,120,47953000000.0,4071000000.0,23720000000.0,60841000000.0,37120000000.0,0,0,1,株式会社アミューズ
6005,S100W8ZH,2025-06-30,2025-03-31,120,179426000000.0,,233852000000.0,439572000000.0,205719000000.0,0,0,1,三浦工業株式会社
7621,S100W8ZB,2025-06-30,2025-03-31,120,6876459000.0,136230000.0,6132218000.0,10901234000.0,4769015000.0,1,0,1,株式会社うかい
7571,S100W8Z2,2025-06-30,2025-03-31,120,6077215000.0,121975000.0,6628928000.0,7956278000.0,1327349000.0,0,0,1,株式会社ヤマノホールディングス
4571,S100W8XP,2025-06-30,2025-03-31,120,3621653000.0,222120000.0,1257054000.0,3996884000.0,2739830000.0,0,0,1,ＮＡＮＯ　ＭＲＮＡ株式会社
8066,S100W8XJ,2025-06-30,2025-03-31,120,240898000000.0,13627000000.0,106827000000.0,298988000000.0,192161000000.0,0,0,1,三谷商事株式会社
9206,S100W8W7,2025-06-30,2025-03-31,120,16326000000.0,37000000.0,20238000000.0,24531000000.0,4293000000.0,1,0,1,株式会社スターフライヤー
6637,S100W8UK,2025-06-30,2025-03-31,120,51199382000.0,1143456000.0,22463871000.0,73896135000.0,51432264000.0,0,0,1,寺崎電気産業株式会社
8006,S100W8U0,2025-06-30,2025-03-31,120,33314000000.0,11927000000.0,25004000000.0,64314000000.0,39310000000.0,0,0,1,ユアサ・フナショク株式会社
9854,S100W8TX,2025-06-30,2025-03-31,120,7393000000.0,604000000.0,1843000000.0,13854000000.0,12011000000.0,0,0,1,愛眼株式会社
7922,S100W8T1,2025-06-30,2025-03-31,120,6603462000.0,1262473000.0,3070528000.0,11846144000.0,8775616000.0,0,0,1,三光産業株式会社
5269,S100W8RC,2025-06-30,2025-03-31,120,30471333000.0,15248883000.0,37297074000.0,77282853000.0,39985779000.0,0,0,1,日本コンクリート工業株式会社
7746,S100W8PS,2025-06-30,2025-03-31,120,4191651000.0,161135000.0,6876613000.0,8680147000.0,1803533000.0,0,0,1,岡本硝子株式会社
7481,S100W8OO,2025-06-30,2025-03-31,120,26492000000.0,811000000.0,23121000000.0,37597000000.0,14476000000.0,0,0,1,尾家産業株式会社
7091,S100W8O4,2025-06-30,2025-03-31,120,3868849000.0,70373000.0,10063197000.0,12115497000.0,2052300000.0,0,0,1,株式会社リビングプラットフォーム
7562,S100W8N6,2025-06-30,2025-03-31,120,10659537000.0,185860000.0,16826639000.0,24253904000.0,7427265000.0,0,0,1,株式会社安楽亭
3437,S100W8MT,2025-06-30,2025-03-31,120,7610098000.0,200812000.0,4256265000.0,11911152000.0,7654887000.0,0,0,1,特殊電極株式会社
368A,S100W8LM,2025-06-30,2025-03-31,120,14835000000.0,,1499000000.0,19748000000.0,18249000000.0,0,0,1,株式会社北里コーポレーション
7408,S100W8KM,2025-06-30,2025-03-31,120,90599469000.0,1059766000.0,96742980000.0,115587342000.0,18844361000.0,0,0,1,株式会社ジャムコ
7067,S100W8I0,2025-06-30,2025-03-31,120,1906992000.0,11346000.0,890105000.0,2081158000.0,1191052000.0,0,0,1,ブランディングテクノロジー株式会社
8742,S100W8GM,2025-06-30,2025-03-31,120,14437334000.0,2198450000.0,11110419000.0,20878202000.0,9767782000.0,0,0,1,株式会社小林洋行
6772,S100W8EQ,2025-06-30,2025-03-31,120,7838414000.0,703799000.0,4439061000.0,12014585000.0,7575524000.0,0,0,1,東京コスモス電機株式会社
5103,S100W85Z,2025-06-30,2025-03-31,120,3052471000.0,2302207000.0,3418887000.0,6525342000.0,3106454000.0,0,0,1,昭和ホールディングス株式会社
7722,S100W84O,2025-06-30,2025-03-31,120,15864572000.0,712386000.0,9239333000.0,20840981000.0,11601648000.0,0,0,1,国際計測器株式会社
5902,S100W82U,2025-06-30,2025-03-31,120,51675000000.0,11920000000.0,70097000000.0,132323000000.0,62225000000.0,0,0,1,ホッカンホールディングス株式会社
5444,S100W82O,2025-06-30,2025-03-31,120,310115000000.0,74427000000.0,54540000000.0,657481000000.0,602940000000.0,0,0,1,大和工業株式会社
7521,S100W80R,2025-06-30,2025-03-31,120,34843000000.0,3559000000.0,15845000000.0,49811000000.0,33965000000.0,0,0,1,株式会社ムサシ
7567,S100W7R8,2025-06-30,2025-03-31,120,4125519000.0,785651000.0,2218443000.0,6692424000.0,4473980000.0,0,0,1,株式会社栄電子
4386,S100W7OD,2025-06-30,2025-03-31,120,3727904000.0,233094000.0,3364322000.0,5815638000.0,2451315000.0,0,0,1,株式会社ＳＩＧグループ
1832,S100W7KL,2025-06-30,2025-03-31,120,34383000000.0,1835000000.0,16488000000.0,49800000000.0,33311000000.0,0,0,1,株式会社北海電工
8630,S100W7EG,2025-06-30,2025-03-31,120,19304000000.0,294424000000.0,11663885000000.0,15890039000000.0,4226153000000.0,0,1,1,ＳＯＭＰＯホールディングス株式会社
3774,S100W7DL,2025-06-30,2025-03-31,120,130195000000.0,,170349000000.0,312435000000.0,142086000000.0,0,0,1,株式会社インターネットイニシアティブ
4662,S100W7DE,2025-06-30,2025-03-31,120,13584854000.0,2883564000.0,6845651000.0,20893035000.0,14047384000.0,1,0,1,株式会社フォーカスシステムズ
6599,S100W76K,2025-06-30,2025-03-31,120,4645755000.0,14281000.0,1117991000.0,5904033000.0,4786041000.0,0,0,1,エブレン株式会社
3069,S100W6VR,2025-06-30,2025-03-31,120,20848396000.0,1249611000.0,30383395000.0,39466062000.0,9082667000.0,0,0,1,株式会社　ＪＦＬＡホールディングス
4664,S100W6Q8,2025-06-30,2025-03-31,120,2927502000.0,155140000.0,1982106000.0,4159663000.0,2177557000.0,0,0,1,株式会社アール・エス・シー
2342,S100W6FF,2025-06-30,2025-03-31,120,6698896000.0,107693000.0,4730217000.0,9586399000.0,4856181000.0,0,0,1,株式会社トランスジェニックグループ
7185,S100W6AC,2025-06-30,2025-03-31,120,117077409000.0,,97856071000.0,117622676000.0,19766605000.0,0,0,1,ヒロセ通商株式会社
4918,S100W69G,2025-06-30,2025-03-31,120,2472064000.0,,1098790000.0,3567189000.0,2468399000.0,1,0,1,株式会社アイビー化粧品
6390,S100W60C,2025-06-30,2025-03-31,120,80292000000.0,2823000000.0,58144000000.0,102747000000.0,44603000000.0,0,0,1,株式会社加藤製作所
2816,S100W5WN,2025-06-30,2025-03-31,120,7788000000.0,259000000.0,8905000000.0,18705000000.0,9799000000.0,1,0,1,株式会社ダイショー
5343,S100W5JO,2025-06-30,2025-03-31,120,6787000000.0,162000000.0,7901000000.0,9687000000.0,1785000000.0,0,0,1,ニッコー株式会社
6718,S100W55W,2025-06-30,2025-03-31,120,56333000000.0,9059000000.0,10274000000.0,77037000000.0,66763000000.0,0,0,1,アイホン株式会社
2204,S100W55C,2025-06-30,2025-03-31,120,11202339000.0,6529882000.0,16471006000.0,43508953000.0,27037947000.0,1,0,1,株式会社中村屋
7550,S100W4UE,2025-06-30,2025-03-31,120,252006000000.0,1528000000.0,572737000000.0,813109000000.0,240371000000.0,0,0,1,株式会社ゼンショーホールディングス
8025,S100W4T4,2025-06-30,2025-03-31,120,6126087000.0,8066425000.0,14843848000.0,28898627000.0,14054779000.0,0,0,1,株式会社ツカモトコーポレーション
9511,S100W4JG,2025-06-30,2025-03-31,120,71091000000.0,,376860000000.0,500411000000.0,123550000000.0,0,0,1,沖縄電力株式会社
7444,S100W3KO,2025-06-30,2025-03-31,120,17734816000.0,3010399000.0,11490772000.0,36296628000.0,24805855000.0,0,0,1,ハリマ共和物産株式会社
4615,S100W3J9,2025-06-30,2025-03-31,120,12139000000.0,2732000000.0,17393000000.0,32010000000.0,14617000000.0,0,0,1,神東塗料株式会社
7859,S100W2YT,2025-06-30,2025-03-31,120,7514795000.0,,1483210000.0,9689598000.0,8206387000.0,0,0,1,株式会社アルメディオ
8144,S100W2H3,2025-06-30,2025-03-31,120,19527000000.0,4497000000.0,9310000000.0,35726000000.0,26415000000.0,0,0,1,株式会社デンキョーグループホールディングス
4801,S100W21S,2025-06-30,2025-03-31,120,8774000000.0,168000000.0,15312000000.0,41153000000.0,25840000000.0,0,0,1,セントラルスポーツ株式会社
3577,S100W0AG,2025-06-30,2025-03-31,120,7109113000.0,2696944000.0,6303745000.0,14892085000.0,8588339000.0,0,0,1,東海染工株式会社
9364,S100VZET,2025-06-30,2025-03-31,120,156362000000.0,96863000000.0,106574000000.0,491092000000.0,384518000000.0,0,0,1,株式会社上組
6643,S100W8GJ,2025-06-27,2025-03-31,120,20807625000.0,1879209000.0,9749676000.0,32402290000.0,22652613000.0,0,0,1,株式会社戸上電機製作所
5915,S100W8F4,2025-06-27,2025-03-31,120,43863000000.0,7519000000.0,37497000000.0,69324000000.0,31826000000.0,0,0,1,株式会社駒井ハルテック
4558,S100W8E8,2025-06-27,2025-03-31,120,2924966000.0,76430000.0,2539145000.0,5065254000.0,2526109000.0,1,0,1,株式会社中京医薬品
5621,S100W8D4,2025-06-27,2025-03-31,120,4944986000.0,845000.0,1456398000.0,5887778000.0,4431379000.0,0,0,1,株式会社ヒューマンテクノロジーズ
6907,S100W8CD,2025-06-27,2025-03-31,120,10744295000.0,2354521000.0,7253932000.0,16358441000.0,9104509000.0,1,0,1,ジオマテック株式会社
4387,S100W8BO,2025-06-27,2025-03-31,120,5380492000.0,3974970000.0,3348316000.0,9645600000.0,6297284000.0,0,0,1,株式会社ＺＵＵ
366A,S100W8AL,2025-06-27,2025-03-31,120,3954256000.0,,1725080000.0,5182516000.0,3457436000.0,1,0,1,ウェルネス・コミュニケーションズ株式会社
3851,S100W89P,2025-06-27,2025-03-31,120,6868170000.0,1174718000.0,3286014000.0,11154198000.0,7868184000.0,0,0,1,株式会社日本一ソフトウェア
2351,S100W892,2025-06-27,2025-03-31,120,1883228000.0,,1981493000.0,4874057000.0,2892563000.0,0,0,1,株式会社ＡＳＪ
5579,S100W881,2025-06-27,2025-03-31,120,2183568000.0,618560000.0,1025461000.0,3214007000.0,2188546000.0,0,0,1,株式会社ＧＳＩ
9906,S100W86F,2025-06-27,2025-03-31,120,50413385000.0,4061644000.0,26625586000.0,66704285000.0,40078698000.0,0,0,1,藤井産業株式会社
7602,S100W85T,2025-06-27,2025-03-31,120,5431973000.0,62908000.0,2214570000.0,7072604000.0,4858033000.0,0,0,1,株式会社レダックス
8101,S100W83R,2025-06-27,2025-03-31,120,68587000000.0,5978000000.0,49879000000.0,79965000000.0,30086000000.0,0,0,1,株式会社ＧＳＩクレオス
4680,S100W81W,2025-06-27,2025-03-31,120,64794000000.0,,193031000000.0,259914000000.0,66883000000.0,0,0,1,株式会社ラウンドワン
5726,S100W7ZO,2025-06-27,2025-03-31,120,61880000000.0,,58087000000.0,100925000000.0,42838000000.0,1,0,1,株式会社大阪チタニウムテクノロジーズ
5571,S100W7ZF,2025-06-27,2025-03-31,120,5083337000.0,889820000.0,6707421000.0,10345546000.0,3638124000.0,0,0,1,エキサイトホールディングス株式会社
6331,S100W7X6,2025-06-27,2025-03-31,120,50839000000.0,4434000000.0,27947000000.0,66174000000.0,38227000000.0,0,0,1,三菱化工機株式会社
9336,S100W7WX,2025-06-27,2025-03-31,120,69781000000.0,7763000000.0,90223000000.0,184905000000.0,94681000000.0,0,0,1,大栄環境株式会社
3020,S100W7W6,2025-06-27,2025-03-31,120,14565000000.0,33000000.0,8225000000.0,20179000000.0,11953000000.0,0,0,1,アプライド株式会社
6347,S100W7V7,2025-06-27,2025-03-31,120,2272702000.0,22653000.0,1468707000.0,3052731000.0,1584023000.0,0,0,1,株式会社プラコー
5189,S100W7V1,2025-06-27,2025-03-31,120,11990698000.0,559125000.0,7530136000.0,16589887000.0,9059750000.0,0,0,1,櫻護謨株式会社
9475,S100W7UR,2025-06-27,2025-03-31,120,10227143000.0,2885006000.0,5396261000.0,18417270000.0,13021008000.0,0,0,1,株式会社昭文社ホールディングス
9766,S100W7UN,2025-06-27,2025-03-31,120,366836000000.0,,183172000000.0,665040000000.0,481868000000.0,0,0,1,コナミグループ株式会社
3306,S100W7U8,2025-06-27,2025-03-31,120,3646201000.0,151205000.0,1974899000.0,5685263000.0,3710364000.0,0,0,1,日本製麻株式会社
8039,S100W7U0,2025-06-27,2025-03-31,120,7175000000.0,2291000000.0,10065000000.0,16602000000.0,6537000000.0,0,0,1,築地魚市場株式会社
8226,S100W7TQ,2025-06-27,2025-03-31,120,10292445000.0,31630000.0,5698766000.0,11084348000.0,5385582000.0,0,0,1,株式会社　理経
4316,S100W7T1,2025-06-27,2025-03-31,120,835578000.0,38303000.0,424130000.0,929031000.0,504900000.0,0,0,1,株式会社ビーマップ
9027,S100W7SX,2025-06-27,2025-03-31,120,11045000000.0,2094000000.0,15154000000.0,36194000000.0,21040000000.0,0,0,1,株式会社ロジネットジャパン
9466,S100W7R1,2025-06-27,2025-03-31,120,3072012000.0,501121000.0,1248351000.0,4546769000.0,3298417000.0,0,0,1,株式会社アイドママーケティングコミュニケーション
1711,S100W7QE,2025-06-27,2025-03-31,120,2596916000.0,21930000.0,3966881000.0,4705055000.0,738173000.0,0,0,1,株式会社ＳＤＳホールディングス
5949,S100W7QC,2025-06-27,2025-03-31,120,157862000000.0,8309000000.0,143763000000.0,297286000000.0,153522000000.0,0,0,1,ユニプレス株式会社
5357,S100W7Q3,2025-06-27,2025-03-31,120,29584180000.0,3085052000.0,8430452000.0,41379172000.0,32948720000.0,0,0,1,株式会社　ヨータイ
9929,S100W7P9,2025-06-27,2025-03-31,120,11807459000.0,3073949000.0,8054473000.0,17971031000.0,9916558000.0,0,0,1,平和紙業株式会社
4341,S100W7OG,2025-06-27,2025-03-31,120,10513000000.0,118000000.0,6706000000.0,12140000000.0,5434000000.0,0,0,1,西菱電機株式会社
1780,S100W7O4,2025-06-27,2025-03-31,120,24481777000.0,2209153000.0,7566639000.0,30835545000.0,23268906000.0,0,0,1,株式会社　ヤマウラ
7455,S100W7NP,2025-06-27,2025-03-31,120,27141000000.0,2763000000.0,10213000000.0,42985000000.0,32772000000.0,0,0,1,株式会社パリミキホールディングス
2708,S100W7LO,2025-06-27,2025-03-31,120,15871000000.0,1731000000.0,15049000000.0,22969000000.0,7919000000.0,0,0,1,株式会社久世
5998,S100W7KN,2025-06-27,2025-03-31,120,14653876000.0,119478000.0,20412329000.0,28505773000.0,8093444000.0,0,0,1,株式会社　アドバネクス
3504,S100W7J5,2025-06-27,2025-03-31,120,29507263000.0,23727326000.0,16880601000.0,72028728000.0,55148127000.0,0,0,1,株式会社丸八ホールディングス
3346,S100W7IS,2025-06-27,2025-03-31,120,778450000.0,,1080331000.0,1270027000.0,189696000.0,0,0,1,ヒロタグループホールディングス株式会社
1921,S100W7IR,2025-06-27,2025-03-31,120,30737134000.0,35767825000.0,43526744000.0,116489637000.0,72962893000.0,0,0,1,株式会社　巴コーポレーション
7950,S100W7HP,2025-06-27,2025-03-31,120,6478189000.0,3362211000.0,2222410000.0,17971719000.0,15749308000.0,1,0,1,日本デコラックス株式会社
3741,S100W7GP,2025-06-27,2025-03-31,120,9326219000.0,1179059000.0,2445233000.0,11775495000.0,9330262000.0,1,0,1,株式会社セック
8747,S100W7GA,2025-06-27,2025-03-31,120,119790116000.0,2012878000.0,112060766000.0,125860893000.0,13800127000.0,0,0,1,豊トラスティ証券株式会社
9818,S100W7G0,2025-06-27,2025-03-31,120,9624002000.0,774200000.0,7220695000.0,22130593000.0,14909898000.0,0,0,1,大丸エナウィン株式会社
9696,S100W7F7,2025-06-27,2025-03-31,120,11083229000.0,2558850000.0,14495172000.0,20478469000.0,5983297000.0,0,0,1,株式会社ウィザス
2681,S100W7EV,2025-06-27,2025-03-31,120,165072000000.0,,162338000000.0,252807000000.0,90469000000.0,0,0,1,株式会社ゲオホールディングス
3291,S100W7EN,2025-06-27,2025-03-31,120,1342622000000.0,,871844000000.0,1853830000000.0,981986000000.0,0,0,1,飯田グループホールディングス株式会社
3963,S100W7DR,2025-06-27,2025-03-31,120,5683214000.0,14952000.0,804564000.0,6130677000.0,5326112000.0,0,0,1,株式会社シンクロ・フード
6222,S100W7CP,2025-06-27,2025-03-31,120,74205000000.0,6115000000.0,21665000000.0,99405000000.0,77740000000.0,0,0,1,株式会社島精機製作所
4975,S100W7B3,2025-06-27,2025-03-31,120,40223270000.0,1402110000.0,7028238000.0,54841235000.0,47812997000.0,0,0,1,株式会社ＪＣＵ
1841,S100W7B1,2025-06-27,2025-03-31,120,6313326000.0,485386000.0,2844383000.0,14426527000.0,11582144000.0,0,0,1,サンユー建設株式会社
2818,S100W7A4,2025-06-27,2025-03-31,120,3275339000.0,15522000.0,3913551000.0,10271750000.0,6358198000.0,0,0,1,株式会社ピエトロ
5945,S100W783,2025-06-27,2025-03-31,120,20398926000.0,9227377000.0,3239007000.0,40006731000.0,36767724000.0,0,0,1,天龍製鋸株式会社
6408,S100W782,2025-06-27,2025-03-31,120,31118000000.0,1010000000.0,29311000000.0,47013000000.0,17701000000.0,0,0,1,小倉クラッチ株式会社
8207,S100W77R,2025-06-27,2025-03-31,120,4057355000.0,504658000.0,4649606000.0,7541343000.0,2891736000.0,0,0,1,テンアライド株式会社
3370,S100W77P,2025-06-27,2025-03-31,120,705329000.0,61897000.0,2560362000.0,2798946000.0,238583000.0,0,0,1,株式会社フジタコーポレーション
6771,S100W76Z,2025-06-27,2025-03-31,120,23543000000.0,403000000.0,15183000000.0,28841000000.0,13657000000.0,0,0,1,池上通信機株式会社
7953,S100W76I,2025-06-27,2025-03-31,120,10348348000.0,1750100000.0,6538897000.0,16206245000.0,9667348000.0,0,0,1,菊水化学工業株式会社
5192,S100W75T,2025-06-27,2025-03-31,120,77289000000.0,16189000000.0,32375000000.0,128161000000.0,95786000000.0,0,0,1,三ツ星ベルト株式会社
4044,S100W71V,2025-06-27,2025-03-31,120,114889000000.0,17835000000.0,83770000000.0,204834000000.0,121063000000.0,0,0,1,セントラル硝子株式会社
4224,S100W70G,2025-06-27,2025-03-31,120,18051000000.0,1329000000.0,6888000000.0,25903000000.0,19015000000.0,0,0,1,ロンシール工業株式会社
4678,S100W706,2025-06-27,2025-03-31,120,1860361000.0,,4890365000.0,9427264000.0,4536898000.0,0,0,1,株式会社　秀英予備校
5976,S100W6ZZ,2025-06-27,2025-03-31,120,44785000000.0,9857000000.0,17431000000.0,83760000000.0,66329000000.0,0,0,1,高周波熱錬株式会社
8281,S100W6XT,2025-06-27,2025-03-31,120,130727000000.0,2733000000.0,81827000000.0,203959000000.0,122131000000.0,0,0,1,ゼビオホールディングス株式会社
5268,S100W6TJ,2025-06-27,2025-03-31,120,9005629000.0,1201738000.0,3781571000.0,15907953000.0,12126382000.0,1,0,1,旭コンクリート工業株式会社
4838,S100W6QW,2025-06-27,2025-03-31,120,10306307000.0,43758000.0,7877830000.0,15959934000.0,8082104000.0,0,0,1,スペースシャワーＳＫＩＹＡＫＩホールディングス株式会社
5658,S100W6ND,2025-06-27,2025-03-31,120,35828607000.0,17628222000.0,16963509000.0,72339141000.0,55375632000.0,0,0,1,日亜鋼業株式会社
9034,S100W6AR,2025-06-27,2025-03-31,120,6058294000.0,505748000.0,11490786000.0,33466063000.0,21975276000.0,0,0,1,南総通運株式会社
5363,S100W66G,2025-06-27,2025-03-31,120,36309679000.0,12379783000.0,11798095000.0,59169854000.0,47371758000.0,0,0,1,東京窯業株式会社
6836,S100W60W,2025-06-27,2025-03-31,120,676064000.0,1400000.0,308501000.0,725212000.0,416711000.0,1,0,1,ぷらっとホーム株式会社
3953,S100W5XF,2025-06-27,2025-03-31,120,4539299000.0,237097000.0,1997052000.0,6877228000.0,4880176000.0,1,0,1,大村紙業株式会社
8147,S100W5WU,2025-06-27,2025-03-31,120,13746457000.0,2307805000.0,6435678000.0,18643735000.0,12208056000.0,0,0,1,株式会社トミタ
5973,S100W5W3,2025-06-27,2025-03-31,120,9645224000.0,622914000.0,8293624000.0,19094138000.0,10800513000.0,0,0,1,株式会社トーアミ
2415,S100W5U5,2025-06-27,2025-03-31,120,41590435000.0,409201000.0,32647692000.0,50743779000.0,18096087000.0,0,0,1,ヒューマンホールディングス株式会社
8078,S100W5R7,2025-06-27,2025-03-31,120,903705000000.0,116299000000.0,776335000000.0,1165805000000.0,389470000000.0,0,0,1,阪和興業株式会社
6763,S100W5M5,2025-06-27,2025-03-31,120,21249618000.0,2707875000.0,5051078000.0,33460552000.0,28409473000.0,0,0,1,帝国通信工業株式会社
6565,S100W5JY,2025-06-27,2025-03-31,120,6738203000.0,500000.0,13536511000.0,26285579000.0,12749068000.0,1,0,1,ＡＢホテル株式会社
9115,S100W5GZ,2025-06-27,2025-03-31,120,56294405000.0,26692735000.0,202064271000.0,293278855000.0,91214584000.0,0,0,1,明海グループ株式会社
7208,S100W58B,2025-06-27,2025-03-31,120,8035376000.0,1123255000.0,4429847000.0,16101037000.0,11671189000.0,0,0,1,株式会社カネミツ
4410,S100W57W,2025-06-27,2025-03-31,120,52143000000.0,9292000000.0,62033000000.0,100044000000.0,38010000000.0,0,0,1,ハリマ化成グループ株式会社
6419,S100W51N,2025-06-27,2025-03-31,120,52004781000.0,16113027000.0,8770634000.0,87000896000.0,78230262000.0,0,0,1,株式会社マースグループホールディングス
4323,S100W4ZM,2025-06-27,2025-03-31,120,16647188000.0,1667447000.0,8080956000.0,22909637000.0,14828680000.0,0,0,1,日本システム技術株式会社
3842,S100W49X,2025-06-27,2025-03-31,120,2753732000.0,,1363743000.0,3536496000.0,2172752000.0,0,0,1,株式会社ネクストジェン
6147,S100W3SO,2025-06-27,2025-03-31,120,2183228000.0,142795000.0,2530096000.0,3943214000.0,1413117000.0,0,0,1,株式会社ヤマザキ
3537,S100W3KJ,2025-06-27,2025-03-31,120,10826424000.0,5575689000.0,8162437000.0,17098397000.0,8935960000.0,0,0,1,昭栄薬品株式会社
2121,S100W37Z,2025-06-27,2025-03-31,120,169931000000.0,6023000000.0,44210000000.0,225544000000.0,181333000000.0,0,0,1,株式会社ＭＩＸＩ
1776,S100W24X,2025-06-27,2025-03-31,120,17414000000.0,,10994000000.0,24555000000.0,13560000000.0,0,0,1,三井住建道路株式会社
8209,S100W22M,2025-06-27,2025-03-31,120,116052000.0,9000000.0,1007295000.0,967114000.0,-40181000.0,1,0,1,株式会社フレンドリー
3837,S100W0GJ,2025-06-27,2025-03-31,120,6679608000.0,1764280000.0,2810238000.0,9885194000.0,7074955000.0,0,0,1,アドソル日進株式会社
8045,S100VYR9,2025-06-27,2025-03-31,120,7326266000.0,13675446000.0,7850429000.0,25279728000.0,17429298000.0,0,0,1,横浜丸魚株式会社
6480,S100VXN8,2025-06-27,2025-03-31,120,79162000000.0,11110000000.0,45034000000.0,120666000000.0,75631000000.0,0,0,1,日本トムソン株式会社
9035,S100VVUK,2025-06-27,2025-03-31,120,93188000000.0,4348000000.0,146147000000.0,189702000000.0,43555000000.0,0,0,1,第一交通産業株式会社
7305,S100VTZF,2025-06-27,2025-03-31,120,29180000000.0,9306000000.0,20482000000.0,52060000000.0,31578000000.0,0,0,1,新家工業株式会社
7619,S100W38F,2025-06-24,2025-03-31,120,16371397000.0,,14582167000.0,29472454000.0,14890286000.0,0,0,1,田中商事株式会社
