date,rule,code,name,entry,atr,adjf,trail,maxhold,dc,stop0,bench_entry,status,exit_date,exit,ret_pct,bench_ret_pct,excess_pct,bars,picked
2026-10-02,k32ecdd,5016.T,ＪＸ金属株式会社,3612.0,157.02,1.0,4.0,120,0,2983.9,430.2,open,,,,,,,
2026-10-02,k32ecdd,3563.T,株式会社ＦＯＯＤ　＆　ＬＩＦＥ　ＣＯＭＰＡＮＩＥＳ,5067.0,197.1,1.0,4.0,120,0,4278.6,430.2,open,,,,,,,
2026-10-02,k32ecdd,7832.T,株式会社バンダイナムコホールディングス,5742.0,158.85,1.0,4.0,120,0,5106.6,430.2,open,,,,,,,
2026-10-02,k32ecdd,6532.T,株式会社ベイカレント・コンサルティング,8096.0,247.26,1.0,4.0,120,0,7107.0,430.2,open,,,,,,,
2026-10-02,k32ecdd,7912.T,大日本印刷株式会社,2994.0,68.43,1.0,4.0,120,0,2720.3,430.2,open,,,,,,,
2026-10-02,k32ecdd,6952.T,カシオ計算機株式会社,2174.0,73.61,1.0,4.0,120,0,1879.6,430.2,open,,,,,,,
2026-10-02,k32ecdd,215A.T,株式会社タイミー,1377.0,70.31,1.0,4.0,120,0,1095.8,430.2,open,,,,,,,
2026-10-02,k32ecdd,3778.T,さくらインターネット株式会社,3930.0,185.1,1.0,4.0,120,0,3189.6,430.2,open,,,,,,,
2026-10-02,k32ecdd,2501.T,サッポロホールディングス株式会社,1839.0,46.45,1.0,4.0,120,0,1653.2,430.2,open,,,,,,,
2026-10-02,k32ecdd,3549.T,株式会社クスリのアオキホールディングス,4411.0,156.67,1.0,4.0,120,0,3784.3,430.2,open,,,,,,,
2026-10-02,k32ecdd,6432.T,株式会社竹内製作所,7390.0,189.49,1.0,4.0,120,0,6632.0,430.2,open,,,,,,,
2026-10-02,k32ecdd,1407.T,株式会社ウエストホールディングス,2217.0,100.02,1.0,4.0,120,0,1816.9,430.2,open,,,,,,,
2026-10-02,k32ecdd,9722.T,藤田観光株式会社,3005.0,116.97,1.0,4.0,120,0,2537.1,430.2,open,,,,,,,
2026-10-02,k32ecdd,6058.T,株式会社ベクトル,2065.0,76.32,1.0,4.0,120,0,1759.7,430.2,open,,,,,,,
2026-10-02,k32ecdd,4046.T,株式会社大阪ソーダ,2036.0,59.93,1.0,4.0,120,0,1796.3,430.2,open,,,,,,,
2026-10-02,k32ecdd,4419.T,株式会社Ｆｉｎａｔｅｘｔホールディングス,1443.0,67.26,1.0,4.0,120,0,1174.0,430.2,open,,,,,,,
2026-10-02,k32ecdd,7740.T,株式会社タムロン,1369.0,23.0,1.0,4.0,120,0,1277.0,430.2,open,,,,,,,
2026-10-02,k32ecdd,5572.T,株式会社Ｒｉｄｇｅ－ｉ,3170.0,164.52,1.0,4.0,120,0,2511.9,430.2,open,,,,,,,
2026-10-02,k32ecdd,6336.T,株式会社石井表記,1614.0,90.6,1.0,4.0,120,0,1251.6,430.2,open,,,,,,,
2026-10-02,k32ecdd,3696.T,株式会社セレス,2284.0,69.11,1.0,4.0,120,0,2007.6,430.2,open,,,,,,,
