date,kind,rank,code,name,score,entry,atr,stop,target,adjf,status,exit_date,exit,r_multiple,bars
2026-09-11,trend,1,4888.T,ステラファーマ株式会社,91.4,411.0,18.98,373.04,467.94,,target,2026-10-07,467.94,1.5,15
2026-09-11,trend,2,8362.T,株式会社福井銀行,89.5,7680.0,343.36,6993.28,8710.08,,target,2026-10-07,8710.08,1.5,15
2026-09-11,trend,3,8387.T,株式会社四国銀行,89.0,4125.0,151.64,3821.72,4579.92,,target,2026-09-25,4579.92,1.5,7
2026-09-11,trend,4,2038.T,,86.9,2616.0,115.75,2384.5,2963.25,,target,2026-09-25,2977.0,1.56,7
2026-09-11,trend,5,9507.T,四国電力株式会社,85.2,2174.5,68.47,2037.56,2379.91,,timeout,2026-10-07,2126.0,-0.35,15
2026-09-11,trend,6,5033.T,株式会社ヌーラボ,84.8,1175.0,54.09,1066.82,1337.27,,timeout,2026-10-07,1241.0,0.61,15
2026-09-11,trend,7,8551.T,株式会社　北日本銀行,83.6,8480.0,305.22,7869.56,9395.66,,stop,2026-09-14,2718.13,-9.44,1
2026-09-11,trend,8,296A.T,令和アカウンティング・ホールディングス株式会社,83.4,1161.0,45.88,1069.24,1298.64,,stop,2026-10-07,1069.24,-1.0,15
2026-09-11,trend,9,153A.T,株式会社カウリス,83.2,1632.0,79.94,1472.12,1871.82,,target,2026-10-06,1873.0,1.51,14
2026-09-11,trend,10,3692.T,株式会社ＦＦＲＩセキュリティ,83.1,6330.0,338.49,5653.02,7345.47,,target,2026-09-15,7750.0,2.1,2
2026-09-11,revert,1,4220.T,リケンテクノス株式会社,60.1,2317.0,81.85,2153.3,2562.55,,timeout,2026-10-07,2437.0,0.73,15
2026-09-11,revert,2,9278.T,ブックオフグループホールディングス株式会社,60.0,2659.0,114.19,2430.62,3001.57,,target,2026-10-01,3001.57,1.5,11
2026-09-11,revert,3,6523.T,ＰＨＣホールディングス株式会社,56.1,1224.0,54.82,1114.36,1388.46,,target,2026-09-24,1388.46,1.5,6
2026-09-11,revert,4,7504.T,株式会社高速,55.2,4395.0,199.0,3997.0,4992.0,,timeout,2026-10-07,4455.0,0.15,15
2026-09-11,revert,5,7272.T,ヤマハ発動機株式会社,54.2,1731.5,63.85,1603.8,1923.05,,timeout,2026-10-07,1832.5,0.79,15
2026-09-11,revert,6,7774.T,株式会社ジャパン・ティッシュ・エンジニアリング,53.7,790.0,41.67,706.66,915.01,,timeout,2026-10-07,824.0,0.41,15
2026-09-11,revert,7,3660.T,株式会社アイスタイル,53.1,471.0,19.47,432.06,529.41,,timeout,2026-10-07,462.0,-0.23,15
2026-09-11,revert,8,3697.T,株式会社ＳＨＩＦＴ,52.3,834.5,42.99,748.52,963.47,,timeout,2026-10-07,877.9,0.5,15
2026-09-11,revert,9,4575.T,株式会社キャンバス,52.3,734.0,38.43,657.14,849.29,,timeout,2026-10-07,780.0,0.6,15
2026-09-11,revert,10,4674.T,株式会社クレスコ,52.2,1742.0,55.0,1632.0,1907.0,,target,2026-09-28,1918.0,1.6,8
2026-09-11,value,1,7201.T,日産自動車株式会社,100.0,311.7,10.72,290.26,343.86,1.0,stop,2026-09-30,290.26,-1.0,10
2026-09-11,value,2,7173.T,株式会社東京きらぼしフィナンシャルグループ,100.0,1676.0,51.51,1572.98,1830.53,1.0,timeout,2026-10-07,1706.0,0.29,15
2026-09-11,value,3,7236.T,株式会社ティラド,100.0,1444.0,42.92,1358.16,1572.76,1.0,timeout,2026-10-07,1483.0,0.45,15
2026-09-11,value,4,7279.T,株式会社ハイレックスコーポレーション,100.0,2469.0,86.73,2295.54,2729.19,1.0,timeout,2026-10-07,2476.0,0.04,15
2026-09-11,value,5,3863.T,日本製紙株式会社,100.0,1299.0,40.19,1218.62,1419.57,1.0,timeout,2026-10-07,1268.0,-0.39,15
2026-09-11,value,6,6513.T,株式会社オリジン,100.0,1250.0,29.49,1191.02,1338.47,1.0,timeout,2026-10-07,1291.0,0.7,15
2026-09-11,value,7,5408.T,株式会社中山製鋼所,100.0,636.0,13.53,608.94,676.59,1.0,stop,2026-10-07,608.94,-1.0,15
2026-09-11,value,8,2501.T,サッポロホールディングス株式会社,100.0,1838.0,47.79,1742.42,1981.37,1.0,timeout,2026-10-07,1841.0,0.03,15
2026-09-11,value,9,5852.T,株式会社アーレスティ,100.0,667.0,13.59,639.82,707.77,1.0,stop,2026-10-02,639.82,-1.0,12
2026-09-11,value,10,6083.T,ＥＲＩホールディングス株式会社,100.0,1518.0,42.28,1433.44,1644.84,1.0,target,2026-09-17,1644.84,1.5,4
2026-09-11,value,1,4222.T,児玉化学工業株式会社,100.0,648.0,30.21,587.58,738.63,1.0,timeout,2026-10-07,639.0,-0.15,15
2026-09-11,value,4,6390.T,株式会社加藤製作所,99.0,1322.0,21.63,1278.74,1386.89,1.0,stop,2026-10-07,1278.74,-1.0,15
2026-09-11,value,5,8699.T,ＨＳホールディングス株式会社,99.0,1120.0,21.42,1077.16,1184.26,1.0,timeout,2026-10-07,1123.0,0.07,15
2026-09-11,value,6,8309.T,三井住友トラスト・ホールディングス株式会社,99.0,1767.0,41.48,1684.04,1891.44,1.0,timeout,2026-10-07,1754.5,-0.15,15
2026-09-11,value,7,8011.T,株式会社三陽商会,99.0,1313.0,63.37,1186.26,1503.11,1.0,timeout,2026-10-07,1276.0,-0.29,15
2026-09-11,value,8,5410.T,合同製鐵株式会社,98.0,3110.0,61.56,2986.88,3294.68,1.0,stop,2026-09-24,2986.88,-1.0,6
2026-09-11,value,9,6844.T,新電元工業株式会社,98.0,2864.0,114.25,2635.5,3206.75,1.0,timeout,2026-10-07,3105.0,1.05,15
2026-09-11,value,10,5989.T,株式会社エイチワン,98.0,1425.0,36.38,1352.24,1534.14,1.0,timeout,2026-10-07,1399.0,-0.36,15
2026-09-11,value,9,8053.T,住友商事株式会社,98.0,1822.0,53.6,1714.8,1982.8,1.0,timeout,2026-10-07,1717.0,-0.98,15
2026-09-15,value,8,2264.T,森永乳業株式会社,98.0,1122.5,31.53,1059.44,1217.09,1.0,stop,2026-09-30,1059.44,-1.0,8
2026-09-15,value,9,7181.T,株式会社かんぽ生命保険,98.0,1763.0,44.16,1674.68,1895.48,1.0,stop,2026-10-08,1674.68,-1.0,14
2026-09-24,value,7,5410.T,合同製鐵株式会社,98.0,2990.0,64.74,2860.52,3184.22,1.0,stop,2026-10-02,2860.52,-1.0,6
2026-09-24,value,10,9504.T,中国電力株式会社,98.0,1042.0,30.17,981.66,1132.51,1.0,stop,2026-10-05,981.66,-1.0,7
2026-09-24,value_trend,9,9505.T,北陸電力株式会社,98.0,1121.0,31.87,1025.39,,1.0,stop,2026-10-05,1050.82,-1.1,7
2026-09-24,value_trend,10,9506.T,東北電力株式会社,97.0,1337.0,38.96,1220.12,,1.0,open,,,,
2026-09-30,value_trend,9,7957.T,フジコピアン株式会社,98.0,2379.0,63.03,2189.91,,1.0,stop,2026-10-02,2238.91,-1.11,2
2026-10-02,value_trend,3,5410.T,合同製鐵株式会社,99.0,2865.0,59.38,2686.86,,1.0,open,,,,
2026-10-02,value_trend,5,7957.T,フジコピアン株式会社,99.0,2221.0,75.23,1995.31,,1.0,stop,2026-10-06,2045.31,-1.17,2
2026-10-02,value_trend,8,5852.T,株式会社アーレスティ,99.0,632.0,12.34,594.98,,1.0,open,,,,
2026-10-05,value_trend,6,9504.T,中国電力株式会社,99.0,977.6,27.79,894.23,,1.0,open,,,,
2026-10-05,value_trend,9,9505.T,北陸電力株式会社,98.0,1051.0,33.95,949.15,,1.0,open,,,,
2026-10-06,value_trend,5,7957.T,フジコピアン株式会社,99.0,2051.0,84.7,1796.9,,1.0,open,,,,
2026-10-07,value_trend,1,4222.T,児玉化学工業株式会社,100.0,639.0,22.07,572.79,,1.0,open,,,,
2026-10-07,value_trend,4,6844.T,新電元工業株式会社,99.0,3105.0,84.96,2850.12,,1.0,open,,,,
2026-10-07,value_trend,7,5989.T,株式会社エイチワン,99.0,1399.0,28.51,1313.47,,1.0,open,,,,
2026-10-07,value_trend,9,7279.T,株式会社ハイレックスコーポレーション,98.0,2476.0,68.11,2271.67,,1.0,open,,,,
