Date,Open,High,Low,Close,Volume,Adj Close
2024-09-04,3030.0,3039.0,2956.5,2974.0,15209200.0,2785.065185546875
2024-09-05,2924.0,3018.0,2893.5,2962.0,11177300.0,2773.827392578125
2024-09-06,2943.5,2961.0,2897.5,2923.5,9162000.0,2737.7734375
2024-09-09,2810.0,2850.0,2783.0,2838.5,13495800.0,2658.17333984375
2024-09-10,2850.0,2898.5,2831.0,2832.0,9415400.0,2652.086181640625
2024-09-11,2800.0,2811.0,2739.0,2770.0,10822300.0,2594.02490234375
2024-09-12,2848.0,2855.0,2802.5,2830.5,9583500.0,2650.681396484375
2024-09-13,2831.0,2839.5,2805.0,2813.5,9179800.0,2634.761474609375
2024-09-17,2826.0,2837.0,2693.0,2746.5,12258700.0,2572.017822265625
2024-09-18,2780.0,2783.5,2742.5,2764.5,8009800.0,2588.874267578125
2024-09-19,2840.0,2867.5,2824.5,2829.5,9893400.0,2649.744873046875
2024-09-20,2929.5,2942.5,2887.0,2890.5,24463700.0,2706.86962890625
2024-09-24,2940.5,2948.0,2869.0,2870.0,14347500.0,2687.672119140625
2024-09-25,2888.0,2894.0,2811.0,2816.5,14546700.0,2637.57080078125
2024-09-26,2828.5,2894.5,2809.5,2894.5,14797100.0,2710.61572265625
2024-09-27,2859.0,2859.0,2806.0,2818.0,14171500.0,2699.598876953125
2024-09-30,2918.0,2974.0,2879.0,2936.0,30762200.0,2812.64111328125
2024-10-01,2965.5,3034.0,2957.5,3001.0,18593900.0,2874.909912109375
2024-10-02,2943.0,3021.0,2941.5,2958.5,13076000.0,2834.195556640625
2024-10-03,2981.0,2982.0,2900.5,2919.0,12861200.0,2796.355224609375
2024-10-04,2928.0,2973.5,2921.5,2970.0,10004100.0,2845.21240234375
2024-10-07,3090.0,3129.0,3015.0,3115.0,18326700.0,2984.1201171875
2024-10-08,3106.0,3109.0,3016.0,3023.0,10164300.0,2895.9853515625
2024-10-09,3035.0,3048.0,2989.0,3000.0,6558200.0,2873.951904296875
2024-10-10,3048.0,3050.0,3015.0,3018.0,6283600.0,2891.195556640625
2024-10-11,3048.0,3075.0,3041.0,3048.0,7561700.0,2919.93505859375
2024-10-15,3120.0,3151.0,3090.0,3093.0,12543500.0,2963.044189453125
2024-10-16,3059.0,3118.0,3048.0,3104.0,7607600.0,2973.582275390625
2024-10-17,3138.0,3173.0,3127.0,3173.0,12355100.0,3039.68310546875
2024-10-18,3200.0,3215.0,3183.0,3204.0,12659400.0,3069.380615234375
2024-10-21,3200.0,3201.0,3170.0,3180.0,8847500.0,3046.38916015625
2024-10-22,3151.0,3169.0,3111.0,3141.0,9998400.0,3009.027587890625
2024-10-23,3121.0,3140.0,3093.0,3098.0,6993400.0,2967.834228515625
2024-10-24,3069.0,3117.0,3052.0,3100.0,7467300.0,2969.75048828125
2024-10-25,3071.0,3106.0,3056.0,3086.0,7588700.0,2956.33837890625
2024-10-28,3016.0,3128.0,3012.0,3115.0,8166200.0,2984.1201171875
2024-10-29,3133.0,3213.0,3131.0,3202.0,9959500.0,3067.46484375
2024-10-30,3188.0,3225.0,3186.0,3223.0,15460200.0,3087.582275390625
2024-10-31,3212.0,3243.0,3196.0,3212.0,11142900.0,3077.04443359375
2024-11-01,3193.0,3265.0,3192.0,3210.0,10997000.0,3075.128662109375
2024-11-05,3241.0,3248.0,3218.0,3245.0,7593500.0,3108.658203125
2024-11-06,3280.0,3452.0,3271.0,3452.0,22528300.0,3306.960693359375
2024-11-07,3580.0,3589.0,3415.0,3452.0,20193500.0,3306.960693359375
2024-11-08,3442.0,3459.0,3421.0,3425.0,9739800.0,3281.09521484375
2024-11-11,3427.0,3460.0,3386.0,3421.0,7904600.0,3277.26318359375
2024-11-12,3491.0,3533.0,3454.0,3454.0,13916300.0,3308.876708984375
2024-11-13,3500.0,3521.0,3465.0,3485.0,12858400.0,3338.57421875
2024-11-14,3500.0,3555.0,3484.0,3531.0,14608800.0,3382.641357421875
2024-11-15,3620.0,3772.0,3615.0,3765.0,33647400.0,3606.8095703125
2024-11-18,3765.0,3799.0,3737.0,3742.0,15801700.0,3584.77587890625
2024-11-19,3755.0,3849.0,3755.0,3835.0,14746300.0,3673.868408203125
2024-11-20,3832.0,3855.0,3791.0,3798.0,11043100.0,3638.423095703125
2024-11-21,3800.0,3892.0,3798.0,3848.0,12410800.0,3686.322509765625
2024-11-22,3846.0,3856.0,3823.0,3835.0,9408300.0,3673.868408203125
2024-11-25,3836.0,3865.0,3815.0,3819.0,21104000.0,3658.541015625
2024-11-26,3791.0,3809.0,3725.0,3752.0,9518400.0,3594.355712890625
2024-11-27,3737.0,3788.0,3700.0,3700.0,8105800.0,3544.540771484375
2024-11-28,3643.0,3757.0,3630.0,3725.0,7857700.0,3568.490234375
2024-11-29,3750.0,3788.0,3727.0,3784.0,8144900.0,3625.011474609375
2024-12-02,3810.0,3879.0,3798.0,3879.0,12270900.0,3716.019775390625
2024-12-03,3892.0,3930.0,3886.0,3925.0,13723300.0,3760.0869140625
2024-12-04,3945.0,3957.0,3810.0,3810.0,12769000.0,3649.9189453125
2024-12-05,3832.0,3849.0,3786.0,3824.0,9967100.0,3663.330810546875
2024-12-06,3818.0,3824.0,3782.0,3814.0,6643400.0,3653.751220703125
2024-12-09,3814.0,3832.0,3743.0,3824.0,9004000.0,3663.330810546875
2024-12-10,3840.0,3866.0,3812.0,3812.0,6111900.0,3651.8349609375
2024-12-11,3827.0,3838.0,3795.0,3838.0,7543400.0,3676.742431640625
2024-12-12,3865.0,3886.0,3842.0,3847.0,8959300.0,3685.3642578125
2024-12-13,3823.0,3846.0,3811.0,3817.0,9291200.0,3656.624755859375
2024-12-16,3821.0,3855.0,3782.0,3810.0,7705400.0,3649.9189453125
2024-12-17,3842.0,3891.0,3778.0,3779.0,9459200.0,3620.221435546875
2024-12-18,3765.0,3853.0,3765.0,3779.0,7370700.0,3620.221435546875
2024-12-19,3760.0,3874.0,3735.0,3857.0,9933100.0,3694.944091796875
2024-12-20,3838.0,3843.0,3747.0,3766.0,13462100.0,3607.767822265625
2024-12-23,3774.0,3803.0,3744.0,3788.0,9220700.0,3628.84326171875
2024-12-24,3828.0,3842.0,3809.0,3833.0,5389300.0,3671.952392578125
2024-12-25,3843.0,3847.0,3792.0,3828.0,4645800.0,3667.16259765625
2024-12-26,3830.0,3863.0,3816.0,3863.0,6170300.0,3700.692138671875
2024-12-27,3880.0,3923.0,3876.0,3893.0,7552300.0,3729.431640625
2024-12-30,3903.0,3929.0,3861.0,3873.0,7001600.0,3710.27197265625
2025-01-06,3913.0,3936.0,3847.0,3885.0,8945900.0,3721.767822265625
2025-01-07,3909.0,3999.0,3880.0,3970.0,12456500.0,3803.1962890625
2025-01-08,3988.0,4037.0,3977.0,4009.0,11199800.0,3840.557861328125
2025-01-09,4020.0,4045.0,3962.0,3962.0,11183900.0,3795.5322265625
2025-01-10,3985.0,3993.0,3876.0,3885.0,9811200.0,3721.767822265625
2025-01-14,3907.0,3928.0,3826.0,3843.0,10312600.0,3681.5322265625
2025-01-15,3954.0,3979.0,3916.0,3979.0,10757900.0,3811.818115234375
2025-01-16,4000.0,4030.0,3962.0,3970.0,11737000.0,3803.1962890625
2025-01-17,3938.0,3943.0,3815.0,3906.0,13880800.0,3741.88525390625
2025-01-20,3952.0,4004.0,3947.0,3980.0,9085800.0,3812.776123046875
2025-01-21,4020.0,4039.0,3918.0,3963.0,7997800.0,3796.490478515625
2025-01-22,3983.0,3985.0,3934.0,3949.0,8533400.0,3783.078857421875
2025-01-23,3965.0,3973.0,3906.0,3963.0,7823300.0,3796.490478515625
2025-01-24,3989.0,4043.0,3932.0,3986.0,14446700.0,3818.524169921875
2025-01-27,4030.0,4137.0,4025.0,4049.0,14093400.0,3878.877197265625
2025-01-28,4093.0,4210.0,4076.0,4162.0,15580900.0,3987.129150390625
2025-01-29,4199.0,4268.0,4165.0,4255.0,15386500.0,4076.221923828125
2025-01-30,4255.0,4296.0,4226.0,4288.0,13381800.0,4107.8349609375
2025-01-31,4300.0,4317.0,4249.0,4307.0,12336800.0,4126.037109375
2025-02-03,4250.0,4315.0,4240.0,4261.0,17164200.0,4081.969970703125
2025-02-04,4280.0,4281.0,4208.0,4240.0,16050100.0,4061.85205078125
2025-02-05,4262.0,4356.0,4204.0,4220.0,14750400.0,4042.6923828125
2025-02-06,4248.0,4278.0,4198.0,4227.0,9027900.0,4049.39794921875
2025-02-07,4225.0,4228.0,4151.0,4160.0,9388300.0,3985.213623046875
2025-02-10,4170.0,4200.0,4145.0,4159.0,6233400.0,3984.25537109375
2025-02-12,4150.0,4166.0,4100.0,4166.0,7795400.0,3990.96142578125
2025-02-13,4210.0,4277.0,4201.0,4277.0,9622600.0,4097.296875
2025-02-14,4279.0,4333.0,4261.0,4324.0,7664900.0,4142.32275390625
2025-02-17,4324.0,4358.0,4316.0,4350.0,8569100.0,4167.23046875
2025-02-18,4375.0,4445.0,4352.0,4420.0,9928500.0,4234.2890625
2025-02-19,4450.0,4493.0,4425.0,4446.0,10864500.0,4259.197265625
2025-02-20,4400.0,4426.0,4330.0,4360.0,10985000.0,4176.81005859375
2025-02-21,4330.0,4330.0,4227.0,4252.0,10899700.0,4073.347900390625
2025-02-25,4160.0,4316.0,4160.0,4275.0,9733300.0,4095.381591796875
2025-02-26,4244.0,4275.0,4133.0,4172.0,10047200.0,3996.708984375
2025-02-27,4180.0,4267.0,4175.0,4261.0,7890100.0,4081.969970703125
2025-02-28,4219.0,4233.0,4146.0,4177.0,10960700.0,4001.4990234375
2025-03-03,4228.0,4259.0,4194.0,4245.0,9074600.0,4066.64208984375
2025-03-04,4256.0,4295.0,4165.0,4251.0,9442400.0,4072.39013671875
2025-03-05,4111.0,4224.0,4111.0,4200.0,13221500.0,4023.53271484375
2025-03-06,4231.0,4295.0,4223.0,4295.0,8639100.0,4114.541015625
2025-03-07,4225.0,4235.0,4177.0,4179.0,9921000.0,4003.415283203125
2025-03-10,4184.0,4193.0,4114.0,4114.0,7123800.0,3941.146240234375
2025-03-11,3974.0,3988.0,3846.0,3962.0,21333700.0,3795.5322265625
2025-03-12,3992.0,4087.0,3991.0,4057.0,9478500.0,3886.541015625
2025-03-13,4100.0,4151.0,4090.0,4128.0,8114100.0,3954.557861328125
2025-03-14,4144.0,4219.0,4103.0,4202.0,10745900.0,4025.448486328125
2025-03-17,4252.0,4261.0,4215.0,4225.0,7445600.0,4047.482421875
2025-03-18,4280.0,4326.0,4237.0,4311.0,10655400.0,4129.869140625
2025-03-19,4339.0,4359.0,4295.0,4337.0,9142400.0,4154.7763671875
2025-03-21,4344.0,4503.0,4334.0,4471.0,16355000.0,4283.146484375
2025-03-24,4467.0,4471.0,4382.0,4382.0,7003000.0,4197.8857421875
2025-03-25,4410.0,4414.0,4303.0,4319.0,7318400.0,4137.53271484375
2025-03-26,4337.0,4355.0,4291.0,4355.0,7655700.0,4172.02001953125
2025-03-27,4350.0,4415.0,4326.0,4415.0,10120300.0,4229.49951171875
2025-03-28,4344.0,4345.0,4223.0,4240.0,11951300.0,4132.04541015625
2025-03-31,4100.0,4140.0,4021.0,4051.0,12428700.0,3947.857666015625
2025-04-01,4121.0,4151.0,4021.0,4049.0,9757800.0,3945.908447265625
2025-04-02,4048.0,4048.0,3969.0,4011.0,8258000.0,3908.8759765625
2025-04-03,3731.0,3796.0,3628.0,3692.0,27866000.0,3597.998046875
2025-04-04,3434.0,3447.0,3175.0,3277.0,42288200.0,3193.564453125
2025-04-07,2697.0,2972.0,2688.5,2925.0,40197600.0,2850.526611328125
2025-04-08,3235.0,3339.0,3233.0,3320.0,25158300.0,3235.4697265625
2025-04-09,3227.0,3257.0,3135.0,3179.0,22900800.0,3098.0595703125
2025-04-10,3660.0,3705.0,3419.0,3429.0,29326800.0,3341.6943359375
2025-04-11,3219.0,3277.0,3145.0,3242.0,22375300.0,3159.45556640625
2025-04-14,3252.0,3355.0,3250.0,3292.0,11725300.0,3208.182373046875
2025-04-15,3383.0,3420.0,3340.0,3377.0,9953000.0,3291.018310546875
2025-04-16,3430.0,3447.0,3267.0,3297.0,9707600.0,3213.05517578125
2025-04-17,3307.0,3406.0,3285.0,3406.0,9003400.0,3319.27978515625
2025-04-18,3451.0,3491.0,3430.0,3467.0,8735900.0,3378.726806640625
2025-04-21,3420.0,3426.0,3357.0,3384.0,6958600.0,3297.840087890625
2025-04-22,3349.0,3375.0,3318.0,3323.0,9119600.0,3238.393310546875
2025-04-23,3450.0,3460.0,3371.0,3381.0,12598100.0,3294.916259765625
2025-04-24,3444.0,3475.0,3413.0,3454.0,10648200.0,3366.0576171875
2025-04-25,3510.0,3535.0,3459.0,3490.0,10543500.0,3401.14111328125
2025-04-28,3525.0,3570.0,3512.0,3550.0,10205500.0,3459.613525390625
2025-04-30,3550.0,3618.0,3546.0,3580.0,15239500.0,3488.849609375
2025-05-01,3617.0,3618.0,3473.0,3514.0,11706300.0,3424.530029296875
2025-05-02,3482.0,3531.0,3385.0,3437.0,15183600.0,3349.490478515625
2025-05-07,3450.0,3520.0,3434.0,3500.0,11470100.0,3410.886474609375
2025-05-08,3488.0,3530.0,3455.0,3530.0,9482700.0,3440.122802734375
2025-05-09,3600.0,3668.0,3580.0,3668.0,16207000.0,3574.609130859375
2025-05-12,3722.0,3752.0,3652.0,3698.0,9086800.0,3603.84521484375
2025-05-13,3890.0,3902.0,3785.0,3785.0,13481200.0,3688.630126953125
2025-05-14,3845.0,3863.0,3793.0,3846.0,11153000.0,3748.0771484375
2025-05-15,3849.0,3854.0,3738.0,3764.0,11149400.0,3668.1650390625
2025-05-16,3771.0,3803.0,3660.0,3690.0,15299400.0,3596.049072265625
2025-05-19,3650.0,3703.0,3618.0,3669.0,9153700.0,3575.58349609375
2025-05-20,3697.0,3787.0,3693.0,3787.0,13843300.0,3690.5791015625
2025-05-21,3927.0,4005.0,3844.0,3890.0,22134800.0,3790.956787109375
2025-05-22,3922.0,3925.0,3848.0,3868.0,9274300.0,3769.516845703125
2025-05-23,3898.0,3925.0,3871.0,3894.0,7522800.0,3794.85498046875
2025-05-26,3885.0,3912.0,3871.0,3907.0,5923800.0,3807.52392578125
2025-05-27,3894.0,3959.0,3884.0,3959.0,6250500.0,3858.199951171875
2025-05-28,4000.0,4029.0,3972.0,3981.0,9798900.0,3879.639892578125
2025-05-29,3980.0,4033.0,3964.0,4007.0,10909800.0,3904.97802734375
2025-05-30,3959.0,4024.0,3951.0,4002.0,14126300.0,3900.105224609375
2025-06-02,3983.0,3998.0,3944.0,3965.0,7820000.0,3864.047119140625
2025-06-03,3936.0,3956.0,3908.0,3947.0,6474900.0,3846.50537109375
2025-06-04,3985.0,4010.0,3973.0,3980.0,6028000.0,3878.665283203125
2025-06-05,3950.0,3954.0,3897.0,3917.0,7111600.0,3817.269287109375
2025-06-06,3932.0,3949.0,3923.0,3948.0,5201600.0,3847.47998046875
2025-06-09,4018.0,4055.0,4004.0,4032.0,10544700.0,3929.341552734375
2025-06-10,4026.0,4035.0,3943.0,3957.0,9169600.0,3856.250732421875
2025-06-11,3969.0,3988.0,3935.0,3948.0,5641300.0,3847.47998046875
2025-06-12,3967.0,3999.0,3952.0,3982.0,7531800.0,3880.614501953125
2025-06-13,3994.0,4014.0,3877.0,3895.0,11692000.0,3795.829345703125
2025-06-16,3892.0,3923.0,3873.0,3923.0,8840100.0,3823.116455078125
2025-06-17,3939.0,3974.0,3924.0,3969.0,6366900.0,3867.945556640625
2025-06-18,3930.0,3973.0,3922.0,3970.0,5866700.0,3868.919921875
2025-06-19,3983.0,3993.0,3943.0,3962.0,4555300.0,3861.12353515625
2025-06-20,3953.0,4008.0,3936.0,3936.0,13552400.0,3835.78564453125
2025-06-23,3929.0,3937.0,3881.0,3913.0,6295000.0,3813.37109375
2025-06-24,3959.0,4016.0,3943.0,4014.0,9010700.0,3911.7998046875
2025-06-25,4020.0,4034.0,3927.0,3976.0,7968000.0,3874.76708984375
2025-06-26,3970.0,3996.0,3946.0,3996.0,9007200.0,3894.258056640625
2025-06-27,3964.0,4008.0,3941.0,3974.0,11524700.0,3872.818115234375
2025-06-30,4005.0,4008.0,3949.0,3993.0,9745100.0,3891.334228515625
2025-07-01,4010.0,4025.0,3952.0,4019.0,9009500.0,3916.67236328125
2025-07-02,4027.0,4038.0,3977.0,3984.0,10392500.0,3882.5634765625
2025-07-03,4009.0,4015.0,3954.0,3996.0,7369400.0,3894.258056640625
2025-07-04,4049.0,4092.0,4025.0,4055.0,9662000.0,3951.755615234375
2025-07-07,4037.0,4065.0,3944.0,3957.0,8355600.0,3856.250732421875
2025-07-08,3930.0,3966.0,3907.0,3937.0,9214400.0,3836.760009765625
2025-07-09,3989.0,3997.0,3921.0,3975.0,7332600.0,3873.79248046875
2025-07-10,4000.0,4009.0,3970.0,4003.0,10083600.0,3901.07958984375
2025-07-11,4005.0,4141.0,4004.0,4083.0,12562400.0,3979.042724609375
2025-07-14,4038.0,4074.0,3990.0,4054.0,9468800.0,3950.78125
2025-07-15,4071.0,4164.0,4062.0,4078.0,9232400.0,3974.170166015625
2025-07-16,4078.0,4102.0,4033.0,4064.0,7226100.0,3960.526611328125
2025-07-17,4114.0,4133.0,4096.0,4107.0,8987400.0,4002.431884765625
2025-07-18,4127.0,4144.0,4105.0,4126.0,7616400.0,4020.947998046875
2025-07-22,4140.0,4187.0,4133.0,4182.0,7588200.0,4075.52197265625
2025-07-23,4300.0,4448.0,4277.0,4400.0,21485300.0,4287.9716796875
2025-07-24,4532.0,4590.0,4495.0,4553.0,19564900.0,4437.076171875
2025-07-25,4523.0,4548.0,4498.0,4535.0,8476200.0,4419.53466796875
2025-07-28,4540.0,4548.0,4415.0,4418.0,8842900.0,4305.51318359375
2025-07-29,4402.0,4409.0,4357.0,4370.0,6287400.0,4258.73583984375
2025-07-30,4357.0,4392.0,4337.0,4385.0,6620300.0,4273.353515625
2025-07-31,4390.0,4482.0,4388.0,4482.0,8402300.0,4367.8837890625
2025-08-01,4402.0,4452.0,4381.0,4452.0,12042500.0,4338.6474609375
2025-08-04,4242.0,4298.0,4220.0,4298.0,13015300.0,4188.56884765625
2025-08-05,4340.0,4403.0,4301.0,4395.0,8946700.0,4283.09912109375
2025-08-06,4425.0,4465.0,4422.0,4456.0,7113200.0,4342.5458984375
2025-08-07,4460.0,4510.0,4449.0,4503.0,8204800.0,4388.34912109375
2025-08-08,4529.0,4627.0,4521.0,4549.0,14353800.0,4433.177734375
2025-08-12,4630.0,4744.0,4630.0,4700.0,14184700.0,4580.33349609375
2025-08-13,4728.0,4754.0,4650.0,4706.0,12570800.0,4586.1806640625
2025-08-14,4691.0,4760.0,4668.0,4738.0,9785100.0,4617.36572265625
2025-08-15,4785.0,4960.0,4780.0,4960.0,15981600.0,4833.71337890625
2025-08-18,4936.0,4949.0,4850.0,4850.0,9536300.0,4726.51416015625
2025-08-19,4898.0,4903.0,4751.0,4772.0,9148600.0,4650.50048828125
2025-08-20,4778.0,4855.0,4720.0,4810.0,6325300.0,4687.53271484375
2025-08-21,4804.0,4820.0,4773.0,4773.0,6120100.0,4651.474609375
2025-08-22,4806.0,4849.0,4794.0,4817.0,6731600.0,4694.3544921875
2025-08-25,4887.0,4912.0,4811.0,4855.0,6855900.0,4731.38671875
2025-08-26,4844.0,4869.0,4807.0,4833.0,18875200.0,4709.94677734375
2025-08-27,4879.0,4883.0,4819.0,4819.0,8419200.0,4696.30322265625
2025-08-28,4835.0,4907.0,4826.0,4907.0,9465500.0,4782.06298828125
2025-08-29,4890.0,4924.0,4866.0,4895.0,7030700.0,4770.36865234375
2025-09-01,4880.0,4883.0,4768.0,4795.0,7835000.0,4672.91455078125
2025-09-02,4818.0,4837.0,4769.0,4834.0,7151400.0,4710.92138671875
2025-09-03,4815.0,4820.0,4656.0,4672.0,12830200.0,4553.04638671875
2025-09-04,4677.0,4813.0,4674.0,4794.0,7478500.0,4671.93994140625
2025-09-05,4839.0,4870.0,4816.0,4859.0,8355100.0,4735.28515625
2025-09-08,4818.0,4891.0,4795.0,4891.0,8579100.0,4766.47021484375
2025-09-09,4896.0,4904.0,4790.0,4815.0,8109900.0,4692.4052734375
2025-09-10,4833.0,4918.0,4826.0,4908.0,9552700.0,4783.037109375
2025-09-11,4888.0,4891.0,4808.0,4828.0,7307300.0,4705.07421875
2025-09-12,4855.0,4884.0,4828.0,4861.0,9518400.0,4737.234375
2025-09-16,4868.0,4874.0,4804.0,4826.0,7551600.0,4703.12548828125
2025-09-17,4818.0,4818.0,4743.0,4776.0,7093600.0,4654.3984375
2025-09-18,4800.0,4803.0,4752.0,4762.0,5243300.0,4640.7548828125
2025-09-19,4775.0,4894.0,4773.0,4844.0,13454400.0,4720.6669921875
2025-09-22,4868.0,4947.0,4864.0,4932.0,8509700.0,4806.4267578125
2025-09-24,5017.0,5072.0,4963.0,5010.0,12778000.0,4882.4404296875
2025-09-25,5050.0,5111.0,5037.0,5070.0,10666200.0,4940.91259765625
2025-09-26,5070.0,5104.0,5043.0,5085.0,10443300.0,4955.53076171875
2025-09-29,5008.0,5009.0,4920.0,4920.0,8501000.0,4864.08203125
2025-09-30,4944.0,5020.0,4895.0,4988.0,8170100.0,4931.30908203125
2025-10-01,4919.0,4929.0,4791.0,4797.0,10099800.0,4742.47998046875
2025-10-02,4777.0,4813.0,4730.0,4730.0,7880700.0,4676.24169921875
2025-10-03,4725.0,4825.0,4723.0,4800.0,5628200.0,4745.44580078125
2025-10-06,4730.0,4824.0,4676.0,4790.0,11775300.0,4735.5595703125
2025-10-07,4795.0,4824.0,4754.0,4754.0,7304400.0,4699.96875
2025-10-08,4791.0,4885.0,4780.0,4864.0,8778900.0,4808.71875
2025-10-09,4875.0,4891.0,4825.0,4870.0,6414000.0,4814.650390625
2025-10-10,4840.0,4845.0,4729.0,4756.0,8453700.0,4701.9462890625
2025-10-14,4686.0,4700.0,4587.0,4633.0,10572800.0,4580.34423828125
2025-10-15,4655.0,4708.0,4637.0,4692.0,6893500.0,4638.67333984375
2025-10-16,4761.0,4787.0,4727.0,4760.0,5231400.0,4705.900390625
2025-10-17,4646.0,4653.0,4569.0,4569.0,9617000.0,4517.0712890625
2025-10-20,4666.0,4867.0,4658.0,4852.0,11794100.0,4796.85498046875
2025-10-21,4920.0,4948.0,4875.0,4903.0,11555000.0,4847.275390625
2025-10-22,4859.0,4933.0,4853.0,4910.0,6626800.0,4854.19580078125
2025-10-23,4876.0,4909.0,4843.0,4868.0,5833200.0,4812.67333984375
2025-10-24,4881.0,4897.0,4852.0,4885.0,5673400.0,4829.47998046875
2025-10-27,4950.0,4978.0,4932.0,4962.0,6216200.0,4905.60498046875
2025-10-28,4963.0,5013.0,4938.0,4982.0,7708500.0,4925.37744140625
2025-10-29,5031.0,5041.0,4971.0,5000.0,7531200.0,4943.1728515625
2025-10-30,5071.0,5115.0,5037.0,5110.0,21834300.0,5051.9228515625
2025-10-31,5099.0,5149.0,5072.0,5149.0,9999900.0,5090.4794921875
2025-11-04,5132.0,5161.0,5068.0,5120.0,8401000.0,5061.80908203125
2025-11-05,5070.0,5074.0,4847.0,5022.0,13411100.0,4964.9228515625
2025-11-06,5050.0,5148.0,5035.0,5129.0,7949800.0,5070.70703125
2025-11-07,5055.0,5096.0,4997.0,5046.0,7065500.0,4988.64990234375
2025-11-10,5096.0,5101.0,5035.0,5080.0,5699400.0,5022.263671875
2025-11-11,5141.0,5149.0,5021.0,5066.0,5703800.0,5008.4228515625
2025-11-12,5138.0,5203.0,5106.0,5182.0,12117700.0,5123.1044921875
2025-11-13,5240.0,5340.0,5235.0,5314.0,9000500.0,5253.60400390625
2025-11-14,5240.0,5345.0,5211.0,5300.0,9445300.0,5239.76318359375
2025-11-17,5400.0,5484.0,5270.0,5286.0,13002400.0,5225.92236328125
2025-11-18,5200.0,5245.0,5046.0,5046.0,11684300.0,4988.64990234375
2025-11-19,5085.0,5143.0,4995.0,5033.0,9058800.0,4975.7978515625
2025-11-20,5123.0,5198.0,5120.0,5159.0,7442500.0,5100.36572265625
2025-11-21,5059.0,5194.0,5053.0,5163.0,11585300.0,5104.3203125
2025-11-25,5216.0,5266.0,5169.0,5261.0,9996300.0,5201.20654296875
2025-11-26,5339.0,5495.0,5313.0,5476.0,12324600.0,5413.76318359375
2025-11-27,5500.0,5555.0,5445.0,5458.0,8753900.0,5395.9677734375
2025-11-28,5460.0,5518.0,5442.0,5473.0,6650200.0,5410.796875
2025-12-01,5510.0,5593.0,5470.0,5501.0,10529600.0,5438.47900390625
2025-12-02,5588.0,5655.0,5551.0,5619.0,9739700.0,5555.1376953125
2025-12-03,5649.0,5654.0,5546.0,5546.0,7992300.0,5482.96728515625
2025-12-04,5563.0,5664.0,5536.0,5664.0,7671400.0,5599.62646484375
2025-12-05,5613.0,5673.0,5564.0,5663.0,8928500.0,5598.6376953125
2025-12-08,5650.0,5678.0,5612.0,5666.0,7724100.0,5601.603515625
2025-12-09,5680.0,5699.0,5641.0,5648.0,6285700.0,5583.80810546875
2025-12-10,5600.0,5649.0,5571.0,5635.0,8136500.0,5570.9560546875
2025-12-11,5684.0,5714.0,5571.0,5571.0,7678900.0,5507.68310546875
2025-12-12,5640.0,5736.0,5635.0,5721.0,12628700.0,5655.978515625
2025-12-15,5748.0,5878.0,5747.0,5852.0,9451200.0,5785.48974609375
2025-12-16,5860.0,5876.0,5640.0,5640.0,12771800.0,5575.89892578125
2025-12-17,5686.0,5725.0,5613.0,5652.0,8265800.0,5587.7626953125
2025-12-18,5618.0,5678.0,5600.0,5600.0,7222900.0,5536.353515625
2025-12-19,5617.0,5714.0,5608.0,5626.0,11988100.0,5562.05810546875
2025-12-22,5756.0,5781.0,5705.0,5705.0,7312800.0,5640.16015625
2025-12-23,5734.0,5794.0,5722.0,5770.0,6701700.0,5704.42138671875
2025-12-24,5770.0,5784.0,5686.0,5714.0,4848700.0,5649.05810546875
2025-12-25,5740.0,5741.0,5676.0,5698.0,2825200.0,5633.23974609375
2025-12-26,5706.0,5712.0,5634.0,5667.0,4903400.0,5602.59228515625
2025-12-29,5658.0,5720.0,5632.0,5707.0,4766200.0,5642.1376953125
2025-12-30,5682.0,5752.0,5667.0,5700.0,5571000.0,5635.21728515625
2026-01-05,5780.0,5874.0,5775.0,5874.0,9155500.0,5807.23974609375
2026-01-06,6001.0,6172.0,6001.0,6172.0,12915200.0,6101.8525390625
2026-01-07,6143.0,6188.0,6103.0,6137.0,8920500.0,6067.25048828125
2026-01-08,6090.0,6129.0,6033.0,6060.0,8272500.0,5991.12548828125
2026-01-09,6147.0,6290.0,6122.0,6195.0,11655300.0,6124.59130859375
2026-01-13,6504.0,6575.0,6439.0,6529.0,12879900.0,6454.79541015625
2026-01-14,6575.0,6726.0,6548.0,6726.0,12213900.0,6649.55615234375
2026-01-15,6700.0,6806.0,6644.0,6766.0,13648400.0,6689.1015625
2026-01-16,6790.0,6905.0,6767.0,6849.0,10428700.0,6771.158203125
2026-01-19,6849.0,6856.0,6735.0,6856.0,8141600.0,6778.07861328125
2026-01-20,6856.0,6889.0,6786.0,6826.0,8467800.0,6748.419921875
2026-01-21,6680.0,6698.0,6547.0,6557.0,14882500.0,6482.47705078125
2026-01-22,6738.0,6766.0,6588.0,6609.0,9042200.0,6533.8857421875
2026-01-23,6650.0,6783.0,6641.0,6731.0,7911600.0,6654.49951171875
2026-01-26,6550.0,6640.0,6523.0,6523.0,8275700.0,6448.86328125
2026-01-27,6500.0,6609.0,6441.0,6582.0,8730500.0,6507.19287109375
2026-01-28,6625.0,6648.0,6546.0,6613.0,8169100.0,6537.84033203125
2026-01-29,6649.0,6723.0,6571.0,6673.0,9675600.0,6597.15869140625
2026-01-30,6648.0,6787.0,6628.0,6783.0,10219100.0,6705.908203125
2026-02-02,6858.0,6905.0,6560.0,6560.0,11629000.0,6485.44287109375
2026-02-03,6800.0,6974.0,6761.0,6961.0,13139200.0,6881.88525390625
2026-02-04,6977.0,7275.0,6898.0,7252.0,16810100.0,7169.578125
2026-02-05,7300.0,7383.0,7097.0,7111.0,12418100.0,7030.1806640625
2026-02-06,7090.0,7347.0,7043.0,7347.0,11526100.0,7263.49853515625
2026-02-09,7572.0,7575.0,7416.0,7559.0,14275900.0,7473.0888671875
2026-02-10,7650.0,7861.0,7635.0,7818.0,16422600.0,7729.14501953125
2026-02-12,7751.0,7960.0,7712.0,7867.0,13311800.0,7777.58837890625
2026-02-13,7716.0,7865.0,7681.0,7681.0,11662300.0,7593.7021484375
2026-02-16,7588.0,7595.0,7273.0,7275.0,14440500.0,7192.31640625
2026-02-17,7270.0,7343.0,7000.0,7000.0,14500800.0,6920.44189453125
2026-02-18,7119.0,7174.0,6984.0,7033.0,10730900.0,6953.06689453125
2026-02-19,7100.0,7352.0,7090.0,7307.0,10124900.0,7223.953125
2026-02-20,7265.0,7270.0,7104.0,7175.0,8727500.0,7093.453125
2026-02-24,7051.0,7091.0,6909.0,6930.0,11914400.0,6851.23779296875
2026-02-25,6850.0,6910.0,6576.0,6643.0,18690000.0,6567.49951171875
2026-02-26,6789.0,7046.0,6788.0,6983.0,13650200.0,6903.63525390625
2026-02-27,6983.0,7151.0,6912.0,7151.0,13390200.0,7069.72607421875
2026-03-02,6751.0,6892.0,6657.0,6810.0,13087500.0,6732.6015625
2026-03-03,6638.0,6768.0,6488.0,6500.0,18186900.0,6426.125
2026-03-04,6335.0,6465.0,6024.0,6120.0,17258800.0,6050.44384765625
2026-03-05,6553.0,6714.0,6444.0,6510.0,16092900.0,6436.01123046875
2026-03-06,6382.0,6567.0,6324.0,6552.0,9149000.0,6477.53369140625
2026-03-09,6052.0,6223.0,5995.0,6176.0,17551200.0,6105.80712890625
2026-03-10,6296.0,6518.0,6296.0,6451.0,13181500.0,6377.681640625
2026-03-11,6480.0,6554.0,6334.0,6354.0,8649500.0,6281.7841796875
2026-03-12,6300.0,6310.0,6039.0,6187.0,11871600.0,6116.68212890625
2026-03-13,5950.0,6136.0,5950.0,6136.0,14003800.0,6066.26171875
2026-03-16,6036.0,6125.0,6011.0,6095.0,7155700.0,6025.72802734375
2026-03-17,6195.0,6260.0,6076.0,6130.0,5600600.0,6060.330078125
2026-03-18,6272.0,6343.0,6208.0,6320.0,7695600.0,6248.17041015625
2026-03-19,6120.0,6226.0,6102.0,6150.0,10440600.0,6080.1025390625
2026-03-23,5890.0,5973.0,5834.0,5929.0,9534100.0,5861.6142578125
2026-03-24,6150.0,6193.0,6052.0,6159.0,7093000.0,6089.00048828125
2026-03-25,6388.0,6484.0,6351.0,6421.0,10547400.0,6348.0224609375
2026-03-26,6469.0,6497.0,6297.0,6368.0,6873400.0,6295.625
2026-03-27,6330.0,6402.0,6272.0,6379.0,9881900.0,6306.5
2026-03-30,6007.0,6158.0,5981.0,6135.0,9532400.0,6135.0
2026-03-31,6035.0,6297.0,5996.0,6087.0,8401500.0,6087.0
2026-04-01,6387.0,6630.0,6345.0,6609.0,12619800.0,6609.0
2026-04-02,6709.0,6713.0,6392.0,6424.0,9146400.0,6424.0
2026-04-03,6520.0,6558.0,6391.0,6468.0,4409300.0,6468.0
2026-04-06,6484.0,6549.0,6439.0,6475.0,5167300.0,6475.0
2026-04-07,6524.0,6584.0,6499.0,6539.0,5294000.0,6539.0
2026-04-08,6839.0,6950.0,6729.0,6946.0,14670500.0,6946.0
2026-04-09,6922.0,6938.0,6706.0,6730.0,9676300.0,6730.0
2026-04-10,6791.0,6809.0,6711.0,6786.0,6848600.0,6786.0
2026-04-13,6770.0,6851.0,6701.0,6735.0,6715800.0,6735.0
2026-04-14,6835.0,6858.0,6728.0,6790.0,7541600.0,6790.0
2026-04-15,6990.0,7059.0,6904.0,6955.0,10748300.0,6955.0
2026-04-16,6980.0,7029.0,6872.0,6872.0,9620500.0,6872.0
2026-04-17,6853.0,6863.0,6700.0,6768.0,9186000.0,6768.0
2026-04-20,6868.0,6888.0,6775.0,6775.0,6356700.0,6775.0
2026-04-21,6752.0,6775.0,6625.0,6647.0,7503700.0,6647.0
2026-04-22,6601.0,6664.0,6552.0,6613.0,7751100.0,6613.0
2026-04-23,6593.0,6601.0,6467.0,6482.0,7429300.0,6482.0
2026-04-24,6556.0,6556.0,6389.0,6427.0,6579700.0,6427.0
2026-04-27,6430.0,6663.0,6350.0,6598.0,9071000.0,6598.0
2026-04-28,6659.0,6966.0,6598.0,6936.0,13923800.0,6936.0
2026-04-30,6918.0,6919.0,6609.0,6722.0,10641200.0,6722.0
2026-05-01,6677.0,6731.0,6584.0,6704.0,7112700.0,6704.0
2026-05-07,6904.0,6980.0,6791.0,6926.0,11688900.0,6926.0
2026-05-08,6790.0,6807.0,6624.0,6771.0,10189400.0,6771.0
2026-05-11,6871.0,6968.0,6774.0,6890.0,9143400.0,6890.0
2026-05-12,6941.0,7006.0,6833.0,6970.0,8952100.0,6970.0
2026-05-13,6954.0,7074.0,6920.0,7050.0,7008000.0,7050.0
2026-05-14,7100.0,7124.0,6971.0,6984.0,8531800.0,6984.0
2026-05-15,7021.0,7132.0,6827.0,6912.0,10413100.0,6912.0
2026-05-18,6512.0,6583.0,6379.0,6525.0,21432700.0,6525.0
2026-05-19,6690.0,6908.0,6685.0,6886.0,13730800.0,6886.0
2026-05-20,7090.0,7130.0,6844.0,6982.0,15514300.0,6982.0
2026-05-21,7150.0,7413.0,7138.0,7301.0,16998300.0,7301.0
2026-05-22,7378.0,7528.0,7302.0,7457.0,12090500.0,7457.0
2026-05-25,7308.0,7396.0,7194.0,7304.0,11943500.0,7304.0
2026-05-26,7300.0,7398.0,7213.0,7359.0,9138000.0,7359.0
2026-05-27,7283.0,7313.0,7178.0,7217.0,10262300.0,7217.0
2026-05-28,7130.0,7140.0,6996.0,7065.0,14467400.0,7065.0
2026-05-29,7065.0,7286.0,7045.0,7195.0,16581900.0,7195.0
2026-06-01,7108.0,7268.0,7065.0,7185.0,7629100.0,7185.0
2026-06-02,7253.0,7346.0,7064.0,7346.0,10005100.0,7346.0
2026-06-03,7500.0,7687.0,7389.0,7633.0,12383200.0,7633.0
2026-06-04,7621.0,7796.0,7472.0,7645.0,11569200.0,7645.0
2026-06-05,7822.0,7966.0,7698.0,7716.0,10044100.0,7716.0
2026-06-08,7620.0,7686.0,7437.0,7562.0,9646600.0,7562.0
2026-06-09,7661.0,7774.0,7610.0,7690.0,10302200.0,7690.0
2026-06-10,7760.0,7855.0,7555.0,7614.0,12418200.0,7614.0
2026-06-11,7411.0,7479.0,7322.0,7394.0,11181800.0,7394.0
2026-06-12,7605.0,7706.0,7510.0,7563.0,13140500.0,7563.0
2026-06-15,7750.0,7958.0,7717.0,7793.0,11061200.0,7793.0
2026-06-16,7820.0,7845.0,7702.0,7757.0,9797300.0,7757.0
2026-06-17,7907.0,8120.0,7902.0,8006.0,12922600.0,8006.0
2026-06-18,8100.0,8304.0,8094.0,8249.0,11516700.0,8249.0
2026-06-19,8252.0,8259.0,7848.0,7884.0,14725900.0,7884.0
2026-06-22,7823.0,8067.0,7808.0,8043.0,6803400.0,8043.0
2026-06-23,8091.0,8092.0,7820.0,7820.0,8956900.0,7820.0
2026-06-24,7929.0,7930.0,7637.0,7722.0,7033300.0,7722.0
2026-06-25,7814.0,7831.0,7698.0,7725.0,6244600.0,7725.0
2026-06-26,7720.0,7833.0,7679.0,7794.0,7865800.0,7794.0
2026-06-29,7839.0,7854.0,7639.0,7652.0,10747300.0,7652.0
2026-06-30,7692.0,7783.0,7662.0,7743.0,7867000.0,7743.0
2026-07-01,7750.0,7918.0,7750.0,7814.0,5951800.0,7814.0
2026-07-02,7966.0,8086.0,7931.0,7973.0,9670300.0,7973.0
2026-07-03,8028.0,8083.0,7907.0,8078.0,6936500.0,8078.0
2026-07-06,8082.0,8208.0,8046.0,8195.0,6572200.0,8195.0
2026-07-07,8333.0,8551.0,8227.0,8227.0,11405900.0,8227.0
2026-07-08,8214.0,8369.0,8151.0,8250.0,7916300.0,8250.0
2026-07-09,8150.0,8265.0,8108.0,8214.0,6615200.0,8214.0
2026-07-10,8364.0,8440.0,8229.0,8307.0,7342800.0,8307.0
2026-07-13,8370.0,8541.0,8357.0,8417.0,7327600.0,8417.0
2026-07-14,8374.0,8497.0,8286.0,8480.0,8874200.0,8480.0
2026-07-15,8580.0,8693.0,8411.0,8624.0,10893000.0,8624.0
2026-07-16,8541.0,8607.0,8410.0,8440.0,7409200.0,8440.0
2026-07-17,8342.0,8370.0,7790.0,7930.0,14432200.0,7930.0
2026-07-21,8038.0,8302.0,7924.0,8302.0,9797400.0,8302.0
2026-07-22,8400.0,8648.0,8341.0,8529.0,11822600.0,8529.0
2026-07-23,8560.0,8816.0,8531.0,8766.0,12807600.0,8766.0
2026-07-24,8663.0,8796.0,8613.0,8652.0,9693400.0,8652.0
2026-07-27,8618.0,8690.0,8516.0,8631.0,9501000.0,8631.0
2026-07-28,8481.0,8499.0,8166.0,8210.0,11809100.0,8210.0
2026-07-29,8099.0,8149.0,7866.0,8112.0,12779000.0,8112.0
2026-07-30,7800.0,7962.0,7761.0,7818.0,11805100.0,7818.0
2026-07-31,8264.0,8310.0,8003.0,8167.0,13976600.0,8167.0
2026-08-03,8138.0,8205.0,7857.0,8094.0,10847200.0,8094.0
2026-08-04,7996.0,8168.0,7968.0,8131.0,7714600.0,8131.0
2026-08-05,8188.0,8479.0,8137.0,8470.0,10224900.0,8470.0
2026-08-06,8436.0,8655.0,8417.0,8499.0,9317000.0,8499.0
2026-08-07,8550.0,8569.0,8407.0,8446.0,8069600.0,8446.0
2026-08-10,8440.0,8446.0,8206.0,8244.0,7059200.0,8244.0
2026-08-12,8346.0,8510.0,8311.0,8502.0,9009000.0,8502.0
2026-08-13,8635.0,8775.0,8534.0,8775.0,10010600.0,8775.0
2026-08-14,8775.0,8819.0,8620.0,8620.0,10102500.0,8620.0
2026-08-17,8649.0,8686.0,8432.0,8530.0,7719800.0,8530.0
2026-08-18,8585.0,8642.0,8497.0,8531.0,8030300.0,8531.0
2026-08-19,8288.0,8288.0,8087.0,8108.0,11363900.0,8108.0
2026-08-20,8017.0,8145.0,7966.0,8085.0,7213300.0,8085.0
2026-08-21,8047.0,8201.0,8012.0,8110.0,7146500.0,8110.0
2026-08-24,8217.0,8217.0,8056.0,8108.0,5794700.0,8108.0
2026-08-25,8120.0,8235.0,8099.0,8208.0,5876700.0,8208.0
2026-08-26,8300.0,8339.0,8212.0,8314.0,6048700.0,8314.0
2026-08-27,8332.0,8398.0,8235.0,8340.0,5720600.0,8340.0
2026-08-28,8314.0,8525.0,8290.0,8486.0,9157000.0,8486.0
2026-08-31,8401.0,8623.0,8325.0,8623.0,11549600.0,8623.0
2026-09-01,8488.0,8733.0,8434.0,8697.0,7970700.0,8697.0
2026-09-02,8602.0,8716.0,8545.0,8669.0,9988500.0,8669.0
2026-09-03,8702.0,8894.0,8672.0,8731.0,12261700.0,8731.0
2026-09-04,8810.0,8852.0,8580.0,8774.0,9815900.0,8774.0
2026-09-07,8774.0,8854.0,8673.0,8710.0,7664200.0,8710.0
2026-09-08,8600.0,8776.0,8506.0,8599.0,7136000.0,8599.0
2026-09-09,8545.0,8689.0,8476.0,8476.0,7666300.0,8476.0
2026-09-10,8406.0,8673.0,8402.0,8606.0,7413600.0,8606.0
2026-09-11,8456.0,8671.0,8423.0,8654.0,10993400.0,8654.0
